,id,name,href
0,1,Garummon,https://digimon-api.com/api/v1/digimon/1
1,2,Craniummon,https://digimon-api.com/api/v1/digimon/2
2,3,Holy Angemon,https://digimon-api.com/api/v1/digimon/3
3,4,Ancient Beatmon,https://digimon-api.com/api/v1/digimon/4
4,5,Dukemon(Crimson Mode),https://digimon-api.com/api/v1/digimon/5
5,6,Footmon,https://digimon-api.com/api/v1/digimon/6
6,7,Apocalymon,https://digimon-api.com/api/v1/digimon/7
7,8,Mush-Upped Mach Leomon,https://digimon-api.com/api/v1/digimon/8
8,9,Chibickmon,https://digimon-api.com/api/v1/digimon/9
9,10,Zombiemon,https://digimon-api.com/api/v1/digimon/10
10,11,Pipismon,https://digimon-api.com/api/v1/digimon/11
11,12,Greymon (2010 Anime Version),https://digimon-api.com/api/v1/digimon/12
12,13,Amon,https://digimon-api.com/api/v1/digimon/13
13,14,Guilmon (X-Antibody),https://digimon-api.com/api/v1/digimon/14
14,15,Craniummon (X-Antibody),https://digimon-api.com/api/v1/digimon/15
15,16,Technodramon,https://digimon-api.com/api/v1/digimon/16
16,17,Grace Novamon,https://digimon-api.com/api/v1/digimon/17
17,18,Ancient Troiamon,https://digimon-api.com/api/v1/digimon/18
18,19,Guardromon,https://digimon-api.com/api/v1/digimon/19
19,20,Etemon,https://digimon-api.com/api/v1/digimon/20
20,21,Sagittarimon,https://digimon-api.com/api/v1/digimon/21
21,22,Rhinomon,https://digimon-api.com/api/v1/digimon/22
22,23,JESmon GX,https://digimon-api.com/api/v1/digimon/23
23,24,Cyberdramon,https://digimon-api.com/api/v1/digimon/24
24,25,Cyberdramon (X-Antibody),https://digimon-api.com/api/v1/digimon/25
25,26,Pukamon,https://digimon-api.com/api/v1/digimon/26
26,27,Sand Yanmamon,https://digimon-api.com/api/v1/digimon/27
27,28,Hackmon,https://digimon-api.com/api/v1/digimon/28
28,29,Pururumon,https://digimon-api.com/api/v1/digimon/29
29,30,Arresterdramon,https://digimon-api.com/api/v1/digimon/30
30,31,Togemon (X-Antibody),https://digimon-api.com/api/v1/digimon/31
31,32,Bagramon (Archangel Form),https://digimon-api.com/api/v1/digimon/32
32,33,Gerbemon,https://digimon-api.com/api/v1/digimon/33
33,34,XV-mon (Black),https://digimon-api.com/api/v1/digimon/34
34,35,Neamon,https://digimon-api.com/api/v1/digimon/35
35,36,Alraumon,https://digimon-api.com/api/v1/digimon/36
36,37,Cyberdramon (2010 Anime Version),https://digimon-api.com/api/v1/digimon/37
37,38,Mimicmon,https://digimon-api.com/api/v1/digimon/38
38,39,Shamamon,https://digimon-api.com/api/v1/digimon/39
39,40,Beowolfmon,https://digimon-api.com/api/v1/digimon/40
40,41,Shoutmon X4S,https://digimon-api.com/api/v1/digimon/41
41,42,Triceramon,https://digimon-api.com/api/v1/digimon/42
42,43,Xros Up Arresterdramon (Dobermon),https://digimon-api.com/api/v1/digimon/43
43,44,Bio Coatlmon,https://digimon-api.com/api/v1/digimon/44
44,45,Mori Shellmon,https://digimon-api.com/api/v1/digimon/45
45,46,Mega Darkness Bagramon,https://digimon-api.com/api/v1/digimon/46
46,47,Hagurumon (X-Antibody),https://digimon-api.com/api/v1/digimon/47
47,48,Regulumon,https://digimon-api.com/api/v1/digimon/48
48,49,Xros Up Gumdramon (Kotemon),https://digimon-api.com/api/v1/digimon/49
49,50,Apollomon Darkness Mode,https://digimon-api.com/api/v1/digimon/50
50,51,Star Axe,https://digimon-api.com/api/v1/digimon/51
51,52,Chibi Kiwimon,https://digimon-api.com/api/v1/digimon/52
52,53,Gattai Ancient Volcamon,https://digimon-api.com/api/v1/digimon/53
53,54,Pharaohmon,https://digimon-api.com/api/v1/digimon/54
54,55,Mamemon (X-Antibody),https://digimon-api.com/api/v1/digimon/55
55,56,Suijinmon,https://digimon-api.com/api/v1/digimon/56
56,57,Dot Falcomon,https://digimon-api.com/api/v1/digimon/57
57,58,Vikemon,https://digimon-api.com/api/v1/digimon/58
58,59,Pafumon,https://digimon-api.com/api/v1/digimon/59
59,60,Geo Greymon,https://digimon-api.com/api/v1/digimon/60
60,61,Meramon (X-Antibody),https://digimon-api.com/api/v1/digimon/61
61,62,Numemon (X-Antibody),https://digimon-api.com/api/v1/digimon/62
62,63,Bacchusmon,https://digimon-api.com/api/v1/digimon/63
63,64,Shutumon,https://digimon-api.com/api/v1/digimon/64
64,65,Dark Tyranomon,https://digimon-api.com/api/v1/digimon/65
65,66,Death Airdramon,https://digimon-api.com/api/v1/digimon/66
66,67,Were Garurumon,https://digimon-api.com/api/v1/digimon/67
67,68,Platinum Scumon,https://digimon-api.com/api/v1/digimon/68
68,69,Herakle Kabuterimon (X-Antibody),https://digimon-api.com/api/v1/digimon/69
69,70,Andromon,https://digimon-api.com/api/v1/digimon/70
70,71,Lilimon,https://digimon-api.com/api/v1/digimon/71
71,72,Ganimon (X-Antibody),https://digimon-api.com/api/v1/digimon/72
72,73,Growmon (Orange),https://digimon-api.com/api/v1/digimon/73
73,74,Anomalocarimon (X-Antibody),https://digimon-api.com/api/v1/digimon/74
74,75,Lunamon,https://digimon-api.com/api/v1/digimon/75
75,76,Metal Greymon (X-Antibody),https://digimon-api.com/api/v1/digimon/76
76,77,Shellmon,https://digimon-api.com/api/v1/digimon/77
77,78,Pawn Shoutmon,https://digimon-api.com/api/v1/digimon/78
78,79,Calamaramon,https://digimon-api.com/api/v1/digimon/79
79,80,Neo Devimon,https://digimon-api.com/api/v1/digimon/80
80,81,Shoutmon X4K,https://digimon-api.com/api/v1/digimon/81
81,82,Garudamon (X-Antibody),https://digimon-api.com/api/v1/digimon/82
82,83,Xros Up Omega Shoutmon (Dorulumon),https://digimon-api.com/api/v1/digimon/83
83,84,Barbamon,https://digimon-api.com/api/v1/digimon/84
84,85,Goromon,https://digimon-api.com/api/v1/digimon/85
85,86,Agumon -Yuki no Kizuna-,https://digimon-api.com/api/v1/digimon/86
86,87,Mochimon,https://digimon-api.com/api/v1/digimon/87
87,88,Navimon,https://digimon-api.com/api/v1/digimon/88
88,89,Shoutmon X7(Superior Mode),https://digimon-api.com/api/v1/digimon/89
89,90,Tokomon,https://digimon-api.com/api/v1/digimon/90
90,91,Bibimon,https://digimon-api.com/api/v1/digimon/91
91,92,Sleipmon (X-Antibody),https://digimon-api.com/api/v1/digimon/92
92,93,Archelomon,https://digimon-api.com/api/v1/digimon/93
93,94,Ravmon,https://digimon-api.com/api/v1/digimon/94
94,95,Fangmon,https://digimon-api.com/api/v1/digimon/95
95,96,Earthdramon,https://digimon-api.com/api/v1/digimon/96
96,97,Ankylomon,https://digimon-api.com/api/v1/digimon/97
97,98,Xros Up Arresterdramon (Astamon),https://digimon-api.com/api/v1/digimon/98
98,99,Panjyamon,https://digimon-api.com/api/v1/digimon/99
99,100,Demon (X-Antibody),https://digimon-api.com/api/v1/digimon/100
100,101,Snow Goburimon,https://digimon-api.com/api/v1/digimon/101
101,102,Seraphimon,https://digimon-api.com/api/v1/digimon/102
102,103,Orcamon,https://digimon-api.com/api/v1/digimon/103
103,104,Liollmon,https://digimon-api.com/api/v1/digimon/104
104,105,Bio Darkdramon,https://digimon-api.com/api/v1/digimon/105
105,106,Pupumon,https://digimon-api.com/api/v1/digimon/106
106,107,Goddramon (X-Antibody),https://digimon-api.com/api/v1/digimon/107
107,108,Kodokugumon Baby,https://digimon-api.com/api/v1/digimon/108
108,109,Cherubimon (Vice) (X-Antibody),https://digimon-api.com/api/v1/digimon/109
109,110,Vorvomon,https://digimon-api.com/api/v1/digimon/110
110,111,Gizmon(AT),https://digimon-api.com/api/v1/digimon/111
111,112,Dark Maildramon,https://digimon-api.com/api/v1/digimon/112
112,113,Cyclomon,https://digimon-api.com/api/v1/digimon/113
113,114,Patamon,https://digimon-api.com/api/v1/digimon/114
114,115,Chicomon,https://digimon-api.com/api/v1/digimon/115
115,116,Missimon,https://digimon-api.com/api/v1/digimon/116
116,117,Terriermon (X-Antibody),https://digimon-api.com/api/v1/digimon/117
117,118,Panbachimon,https://digimon-api.com/api/v1/digimon/118
118,119,Xros Up Dorulumon (Pawn Chessmon (White)),https://digimon-api.com/api/v1/digimon/119
119,120,Baluchimon,https://digimon-api.com/api/v1/digimon/120
120,121,Shine Greymon(Burst Mode),https://digimon-api.com/api/v1/digimon/121
121,122,Ravmon(Burst Mode),https://digimon-api.com/api/v1/digimon/122
122,123,Aegiochusmon(Holy),https://digimon-api.com/api/v1/digimon/123
123,124,Siesamon (X-Antibody),https://digimon-api.com/api/v1/digimon/124
124,125,King Hangyomon,https://digimon-api.com/api/v1/digimon/125
125,126,Mihiramon,https://digimon-api.com/api/v1/digimon/126
126,127,Toropiamon,https://digimon-api.com/api/v1/digimon/127
127,128,Blastmon,https://digimon-api.com/api/v1/digimon/128
128,129,Knightmon Wise Sword Mode,https://digimon-api.com/api/v1/digimon/129
129,130,Skull Knightmon(Naginata Mode),https://digimon-api.com/api/v1/digimon/130
130,131,Okuwamon (X-Antibody),https://digimon-api.com/api/v1/digimon/131
131,132,Xros Up Submarimon (Plesiomon),https://digimon-api.com/api/v1/digimon/132
132,133,Gulus Gammamon,https://digimon-api.com/api/v1/digimon/133
133,134,Pawn Chessmon (White),https://digimon-api.com/api/v1/digimon/134
134,135,Rize Greymon (X-Antibody),https://digimon-api.com/api/v1/digimon/135
135,136,Demon Super Ultimate,https://digimon-api.com/api/v1/digimon/136
136,137,Valkyrimon,https://digimon-api.com/api/v1/digimon/137
137,138,Elecmon (Violet),https://digimon-api.com/api/v1/digimon/138
138,139,Wolfmon,https://digimon-api.com/api/v1/digimon/139
139,140,Ornismon,https://digimon-api.com/api/v1/digimon/140
140,141,Delumon,https://digimon-api.com/api/v1/digimon/141
141,142,Algomon (Baby I),https://digimon-api.com/api/v1/digimon/142
142,143,Queen Chessmon,https://digimon-api.com/api/v1/digimon/143
143,144,Gargomon,https://digimon-api.com/api/v1/digimon/144
144,145,Hookmon,https://digimon-api.com/api/v1/digimon/145
145,146,Skull Knightmon(Cavalier Mode),https://digimon-api.com/api/v1/digimon/146
146,147,Canoweissmon,https://digimon-api.com/api/v1/digimon/147
147,148,Falcomon (2006 Anime Version),https://digimon-api.com/api/v1/digimon/148
148,149,Shroudmon,https://digimon-api.com/api/v1/digimon/149
149,150,Omega Shoutmon,https://digimon-api.com/api/v1/digimon/150
150,151,Mega Seadramon (X-Antibody),https://digimon-api.com/api/v1/digimon/151
151,152,Pteranomon,https://digimon-api.com/api/v1/digimon/152
152,153,Arkadimon Child,https://digimon-api.com/api/v1/digimon/153
153,154,Yuramon,https://digimon-api.com/api/v1/digimon/154
154,155,Black Growmon,https://digimon-api.com/api/v1/digimon/155
155,156,Honeybeemon,https://digimon-api.com/api/v1/digimon/156
156,157,Black Megalo Growmon,https://digimon-api.com/api/v1/digimon/157
157,158,Gekomon,https://digimon-api.com/api/v1/digimon/158
158,159,Burpmon,https://digimon-api.com/api/v1/digimon/159
159,160,Assaultmon,https://digimon-api.com/api/v1/digimon/160
160,161,Black War Greymon,https://digimon-api.com/api/v1/digimon/161
161,162,Parallelmon,https://digimon-api.com/api/v1/digimon/162
162,163,Pegasmon (X-Antibody),https://digimon-api.com/api/v1/digimon/163
163,164,Waru Monzaemon,https://digimon-api.com/api/v1/digimon/164
164,165,Monimon,https://digimon-api.com/api/v1/digimon/165
165,166,Eosmon (Adult),https://digimon-api.com/api/v1/digimon/166
166,167,Tankmon,https://digimon-api.com/api/v1/digimon/167
167,168,Gottsumon,https://digimon-api.com/api/v1/digimon/168
168,169,Torikara Ballmon,https://digimon-api.com/api/v1/digimon/169
169,170,Lady Devimon,https://digimon-api.com/api/v1/digimon/170
170,171,Psychemon,https://digimon-api.com/api/v1/digimon/171
171,172,Death-X-DORUgamon,https://digimon-api.com/api/v1/digimon/172
172,173,Būmon,https://digimon-api.com/api/v1/digimon/173
173,174,Monochromon (X-Antibody),https://digimon-api.com/api/v1/digimon/174
174,175,Togemogumon,https://digimon-api.com/api/v1/digimon/175
175,176,Hippogriffomon,https://digimon-api.com/api/v1/digimon/176
176,177,Death-X-mon,https://digimon-api.com/api/v1/digimon/177
177,178,Nefertimon (X-Antibody),https://digimon-api.com/api/v1/digimon/178
178,179,Yatagaramon (2006 Anime Version),https://digimon-api.com/api/v1/digimon/179
179,180,Master V-dramon,https://digimon-api.com/api/v1/digimon/180
180,181,Shoutmon + Jet Sparrow,https://digimon-api.com/api/v1/digimon/181
181,182,Megidramon,https://digimon-api.com/api/v1/digimon/182
182,183,Were Garurumon (X-Antibody),https://digimon-api.com/api/v1/digimon/183
183,184,Dynasmon (X-Antibody),https://digimon-api.com/api/v1/digimon/184
184,185,Justimon(Critical Arm),https://digimon-api.com/api/v1/digimon/185
185,186,Omegamon Alter-B,https://digimon-api.com/api/v1/digimon/186
186,187,Shoutmon X3,https://digimon-api.com/api/v1/digimon/187
187,188,Callismon,https://digimon-api.com/api/v1/digimon/188
188,189,Dark Knightmon (X-Antibody),https://digimon-api.com/api/v1/digimon/189
189,190,Tyrant Kabuterimon,https://digimon-api.com/api/v1/digimon/190
190,191,Tsumemon,https://digimon-api.com/api/v1/digimon/191
191,192,Giga Seadramon,https://digimon-api.com/api/v1/digimon/192
192,193,Scud Missimon,https://digimon-api.com/api/v1/digimon/193
193,194,Cannondramon,https://digimon-api.com/api/v1/digimon/194
194,195,Hermmon,https://digimon-api.com/api/v1/digimon/195
195,196,Aegiochusmon(Green),https://digimon-api.com/api/v1/digimon/196
196,197,Gottsumon (X-Antibody),https://digimon-api.com/api/v1/digimon/197
197,198,Gurimon,https://digimon-api.com/api/v1/digimon/198
198,199,Fla Wizarmon,https://digimon-api.com/api/v1/digimon/199
199,200,Petitmon,https://digimon-api.com/api/v1/digimon/200
200,201,Dracumon,https://digimon-api.com/api/v1/digimon/201
201,202,Trailmon Franken,https://digimon-api.com/api/v1/digimon/202
202,203,Agumon Hakase,https://digimon-api.com/api/v1/digimon/203
203,204,Goburimon,https://digimon-api.com/api/v1/digimon/204
204,205,Regalecusmon,https://digimon-api.com/api/v1/digimon/205
205,206,Climbmon,https://digimon-api.com/api/v1/digimon/206
206,207,Marin Chimairamon,https://digimon-api.com/api/v1/digimon/207
207,208,Keemon,https://digimon-api.com/api/v1/digimon/208
208,209,Gigantic Numemon,https://digimon-api.com/api/v1/digimon/209
209,210,Kotemon,https://digimon-api.com/api/v1/digimon/210
210,211,Pteranomon (X-Antibody),https://digimon-api.com/api/v1/digimon/211
211,212,Mega Muso Knightmon,https://digimon-api.com/api/v1/digimon/212
212,213,Black Tailmon Uver.,https://digimon-api.com/api/v1/digimon/213
213,214,Lucemon(Satan Mode),https://digimon-api.com/api/v1/digimon/214
214,215,Marin Angemon,https://digimon-api.com/api/v1/digimon/215
215,216,Tyranomon,https://digimon-api.com/api/v1/digimon/216
216,217,Pala Pandamon,https://digimon-api.com/api/v1/digimon/217
217,218,Beelzebumon + Starmons,https://digimon-api.com/api/v1/digimon/218
218,219,Skull Satamon,https://digimon-api.com/api/v1/digimon/219
219,220,Mail Birdramon,https://digimon-api.com/api/v1/digimon/220
220,221,Bishop Chessmon (White),https://digimon-api.com/api/v1/digimon/221
221,222,Kohagurumon,https://digimon-api.com/api/v1/digimon/222
222,223,Belial Vamdemon,https://digimon-api.com/api/v1/digimon/223
223,224,Pajiramon,https://digimon-api.com/api/v1/digimon/224
224,225,Z'd Garurumon,https://digimon-api.com/api/v1/digimon/225
225,226,Prince Mamemon,https://digimon-api.com/api/v1/digimon/226
226,227,Metal Mamemon,https://digimon-api.com/api/v1/digimon/227
227,228,Vermillimon,https://digimon-api.com/api/v1/digimon/228
228,229,Nikkorimon,https://digimon-api.com/api/v1/digimon/229
229,230,Skull Baluchimon,https://digimon-api.com/api/v1/digimon/230
230,231,Grappu Leomon,https://digimon-api.com/api/v1/digimon/231
231,232,Shootmon,https://digimon-api.com/api/v1/digimon/232
232,233,Mantaraymon,https://digimon-api.com/api/v1/digimon/233
233,234,Infermon,https://digimon-api.com/api/v1/digimon/234
234,235,Peacockmon,https://digimon-api.com/api/v1/digimon/235
235,236,Bitmon,https://digimon-api.com/api/v1/digimon/236
236,237,Greymon (X-Antibody),https://digimon-api.com/api/v1/digimon/237
237,238,Death Metal Greymon,https://digimon-api.com/api/v1/digimon/238
238,239,Asuramon,https://digimon-api.com/api/v1/digimon/239
239,240,Kokuwamon (X-Antibody),https://digimon-api.com/api/v1/digimon/240
240,241,Ludomon,https://digimon-api.com/api/v1/digimon/241
241,242,Shoutmon Y,https://digimon-api.com/api/v1/digimon/242
242,243,Hanumon,https://digimon-api.com/api/v1/digimon/243
243,244,Zhuqiaomon,https://digimon-api.com/api/v1/digimon/244
244,245,Dark Tyranomon (X-Antibody),https://digimon-api.com/api/v1/digimon/245
245,246,Angoramon,https://digimon-api.com/api/v1/digimon/246
246,247,Bancho Golemon,https://digimon-api.com/api/v1/digimon/247
247,248,Duskmon,https://digimon-api.com/api/v1/digimon/248
248,249,Hi Mugendramon,https://digimon-api.com/api/v1/digimon/249
249,250,Justimon(Blitz Arm),https://digimon-api.com/api/v1/digimon/250
250,251,Death Tyranomon,https://digimon-api.com/api/v1/digimon/251
251,252,Mega Gran Kuwagamon,https://digimon-api.com/api/v1/digimon/252
252,253,Neptunemon,https://digimon-api.com/api/v1/digimon/253
253,254,Eosmon (Ultimate),https://digimon-api.com/api/v1/digimon/254
254,255,Burgamon Adult,https://digimon-api.com/api/v1/digimon/255
255,256,Metamormon,https://digimon-api.com/api/v1/digimon/256
256,257,Kyubimon,https://digimon-api.com/api/v1/digimon/257
257,258,Gabumon (Black),https://digimon-api.com/api/v1/digimon/258
258,259,Arresterdramon(Superior Mode (Brave Snatcher)),https://digimon-api.com/api/v1/digimon/259
259,260,Hexeblaumon,https://digimon-api.com/api/v1/digimon/260
260,261,Taomon (Silver),https://digimon-api.com/api/v1/digimon/261
261,262,Titamon,https://digimon-api.com/api/v1/digimon/262
262,263,Chaosdramon,https://digimon-api.com/api/v1/digimon/263
263,264,Submarimon,https://digimon-api.com/api/v1/digimon/264
264,265,Bio Thunderbirmon,https://digimon-api.com/api/v1/digimon/265
265,266,Dokimon,https://digimon-api.com/api/v1/digimon/266
266,267,Thunderballmon (X-Antibody),https://digimon-api.com/api/v1/digimon/267
267,268,Aegiochusmon(Dark),https://digimon-api.com/api/v1/digimon/268
268,269,DORUgamon,https://digimon-api.com/api/v1/digimon/269
269,270,Chaos Dukemon Core,https://digimon-api.com/api/v1/digimon/270
270,271,Metal Garurumon,https://digimon-api.com/api/v1/digimon/271
271,272,Lilamon,https://digimon-api.com/api/v1/digimon/272
272,273,Dodomon,https://digimon-api.com/api/v1/digimon/273
273,274,Marsmon,https://digimon-api.com/api/v1/digimon/274
274,275,Greymon,https://digimon-api.com/api/v1/digimon/275
275,276,Archnemon,https://digimon-api.com/api/v1/digimon/276
276,277,Exo Grimmon,https://digimon-api.com/api/v1/digimon/277
277,278,Löwemon,https://digimon-api.com/api/v1/digimon/278
278,279,Symbare Angoramon,https://digimon-api.com/api/v1/digimon/279
279,280,Ofanimon (X-Antibody),https://digimon-api.com/api/v1/digimon/280
280,281,Keramon,https://digimon-api.com/api/v1/digimon/281
281,282,Namakemon,https://digimon-api.com/api/v1/digimon/282
282,283,Dot Gaomon,https://digimon-api.com/api/v1/digimon/283
283,284,Knightmon,https://digimon-api.com/api/v1/digimon/284
284,285,DORUgoramon,https://digimon-api.com/api/v1/digimon/285
285,286,Orgemon (X-Antibody),https://digimon-api.com/api/v1/digimon/286
286,287,Butterflamon,https://digimon-api.com/api/v1/digimon/287
287,288,Kongoumon,https://digimon-api.com/api/v1/digimon/288
288,289,Agumon,https://digimon-api.com/api/v1/digimon/289
289,290,Puroromon,https://digimon-api.com/api/v1/digimon/290
290,291,Megidramon (X-Antibody),https://digimon-api.com/api/v1/digimon/291
291,292,Relemon,https://digimon-api.com/api/v1/digimon/292
292,293,Koemon,https://digimon-api.com/api/v1/digimon/293
293,294,Puyoyomon,https://digimon-api.com/api/v1/digimon/294
294,295,Pillomon,https://digimon-api.com/api/v1/digimon/295
295,296,Zudomon,https://digimon-api.com/api/v1/digimon/296
296,297,Greymon (Blue),https://digimon-api.com/api/v1/digimon/297
297,298,Pyonmon,https://digimon-api.com/api/v1/digimon/298
298,299,Lilithmon (X-Antibody),https://digimon-api.com/api/v1/digimon/299
299,300,Sakuttomon,https://digimon-api.com/api/v1/digimon/300
300,301,Vulturemon,https://digimon-api.com/api/v1/digimon/301
301,302,Lighdramon,https://digimon-api.com/api/v1/digimon/302
302,303,Dokugumon,https://digimon-api.com/api/v1/digimon/303
303,304,Yakiimon,https://digimon-api.com/api/v1/digimon/304
304,305,Xros Up Opossummon (Candmon),https://digimon-api.com/api/v1/digimon/305
305,306,Imperialdramon(Dragon Mode (Black)),https://digimon-api.com/api/v1/digimon/306
306,307,Bryweludramon,https://digimon-api.com/api/v1/digimon/307
307,308,Slayerdramon,https://digimon-api.com/api/v1/digimon/308
308,309,DORUmon,https://digimon-api.com/api/v1/digimon/309
309,310,Boarmon,https://digimon-api.com/api/v1/digimon/310
310,311,Chrysalimon,https://digimon-api.com/api/v1/digimon/311
311,312,Dark Knightmon (Gulfmon),https://digimon-api.com/api/v1/digimon/312
312,313,Xros Up Ballistamon (Revolmon),https://digimon-api.com/api/v1/digimon/313
313,314,Vademon (X-Antibody),https://digimon-api.com/api/v1/digimon/314
314,315,Lalamon,https://digimon-api.com/api/v1/digimon/315
315,316,Sleipmon(Burst Mode),https://digimon-api.com/api/v1/digimon/316
316,317,Noble Pumpmon,https://digimon-api.com/api/v1/digimon/317
317,318,Junomon(Hysteric Mode),https://digimon-api.com/api/v1/digimon/318
318,319,Dracomon + Cyberdramon,https://digimon-api.com/api/v1/digimon/319
319,320,Salamandamon,https://digimon-api.com/api/v1/digimon/320
320,321,Yuki Agumon,https://digimon-api.com/api/v1/digimon/321
321,322,Aegisdramon,https://digimon-api.com/api/v1/digimon/322
322,323,Tuwarmon,https://digimon-api.com/api/v1/digimon/323
323,324,Destromon,https://digimon-api.com/api/v1/digimon/324
324,325,Karatuki Numemon,https://digimon-api.com/api/v1/digimon/325
325,326,Beso Bombmon,https://digimon-api.com/api/v1/digimon/326
326,327,Flybeemon,https://digimon-api.com/api/v1/digimon/327
327,328,Batterimon,https://digimon-api.com/api/v1/digimon/328
328,329,Grand Dracumon,https://digimon-api.com/api/v1/digimon/329
329,330,Rust Tyranomon,https://digimon-api.com/api/v1/digimon/330
330,331,Liamon,https://digimon-api.com/api/v1/digimon/331
331,332,Cardmon U1,https://digimon-api.com/api/v1/digimon/332
332,333,Susanoomon,https://digimon-api.com/api/v1/digimon/333
333,334,Fujitsumon,https://digimon-api.com/api/v1/digimon/334
334,335,Cardmon C1,https://digimon-api.com/api/v1/digimon/335
335,336,Aegiochusmon,https://digimon-api.com/api/v1/digimon/336
336,337,BEMmon,https://digimon-api.com/api/v1/digimon/337
337,338,Chronomon Holy Mode,https://digimon-api.com/api/v1/digimon/338
338,339,Ballistamon SR,https://digimon-api.com/api/v1/digimon/339
339,340,Strikedramon,https://digimon-api.com/api/v1/digimon/340
340,341,Lopmon (X-Antibody),https://digimon-api.com/api/v1/digimon/341
341,342,Arkadimon Baby,https://digimon-api.com/api/v1/digimon/342
342,343,Holydramon (X-Antibody),https://digimon-api.com/api/v1/digimon/343
343,344,Black War Greymon (X-Antibody),https://digimon-api.com/api/v1/digimon/344
344,345,Snatchmon,https://digimon-api.com/api/v1/digimon/345
345,346,Tailmon,https://digimon-api.com/api/v1/digimon/346
346,347,Ulforce V-dramon Future Mode,https://digimon-api.com/api/v1/digimon/347
347,348,Tyumon,https://digimon-api.com/api/v1/digimon/348
348,349,Dagomon,https://digimon-api.com/api/v1/digimon/349
349,350,Hangyomon,https://digimon-api.com/api/v1/digimon/350
350,351,Starmons,https://digimon-api.com/api/v1/digimon/351
351,352,Orgemon,https://digimon-api.com/api/v1/digimon/352
352,353,Zamielmon,https://digimon-api.com/api/v1/digimon/353
353,354,Ancient Wisemon,https://digimon-api.com/api/v1/digimon/354
354,355,Magnamon,https://digimon-api.com/api/v1/digimon/355
355,356,Gold Numemon,https://digimon-api.com/api/v1/digimon/356
356,357,Digitamamon,https://digimon-api.com/api/v1/digimon/357
357,358,Demon,https://digimon-api.com/api/v1/digimon/358
358,359,Dark Superstarmon,https://digimon-api.com/api/v1/digimon/359
359,360,Unimon,https://digimon-api.com/api/v1/digimon/360
360,361,Tailmon (X-Antibody),https://digimon-api.com/api/v1/digimon/361
361,362,Nanimon,https://digimon-api.com/api/v1/digimon/362
362,363,Aequcedramon,https://digimon-api.com/api/v1/digimon/363
363,364,Pusumon,https://digimon-api.com/api/v1/digimon/364
364,365,JESmon,https://digimon-api.com/api/v1/digimon/365
365,366,Garurumon (X-Antibody),https://digimon-api.com/api/v1/digimon/366
366,367,Tactimon,https://digimon-api.com/api/v1/digimon/367
367,368,Lotusmon,https://digimon-api.com/api/v1/digimon/368
368,369,Raijinmon,https://digimon-api.com/api/v1/digimon/369
369,370,Sheepmon,https://digimon-api.com/api/v1/digimon/370
370,371,Numemon,https://digimon-api.com/api/v1/digimon/371
371,372,Aldamon,https://digimon-api.com/api/v1/digimon/372
372,373,Lykamon,https://digimon-api.com/api/v1/digimon/373
373,374,Omegamon Alter-S,https://digimon-api.com/api/v1/digimon/374
374,375,Chibick Sword,https://digimon-api.com/api/v1/digimon/375
375,376,Vikaralamon,https://digimon-api.com/api/v1/digimon/376
376,377,Copymon,https://digimon-api.com/api/v1/digimon/377
377,378,Grademon (Vice),https://digimon-api.com/api/v1/digimon/378
378,379,Ekakimon,https://digimon-api.com/api/v1/digimon/379
379,380,Skull Mammon (X-Antibody),https://digimon-api.com/api/v1/digimon/380
380,381,Griffomon,https://digimon-api.com/api/v1/digimon/381
381,382,Vegimon,https://digimon-api.com/api/v1/digimon/382
382,383,Blikmon,https://digimon-api.com/api/v1/digimon/383
383,384,Generamon,https://digimon-api.com/api/v1/digimon/384
384,385,Vulcanusmon,https://digimon-api.com/api/v1/digimon/385
385,386,Shoutmon X6,https://digimon-api.com/api/v1/digimon/386
386,387,Cardmon S1,https://digimon-api.com/api/v1/digimon/387
387,388,Plesiomon (X-Antibody),https://digimon-api.com/api/v1/digimon/388
388,389,Platinum Numemon,https://digimon-api.com/api/v1/digimon/389
389,390,Babydmon,https://digimon-api.com/api/v1/digimon/390
390,391,Seahomon,https://digimon-api.com/api/v1/digimon/391
391,392,Manticoremon,https://digimon-api.com/api/v1/digimon/392
392,393,Cheer Galmon,https://digimon-api.com/api/v1/digimon/393
393,394,Gabumon,https://digimon-api.com/api/v1/digimon/394
394,395,Volcanicdramon,https://digimon-api.com/api/v1/digimon/395
395,396,Cocomon,https://digimon-api.com/api/v1/digimon/396
396,397,Chaosmon(Valdur Arm),https://digimon-api.com/api/v1/digimon/397
397,398,Dot Mirage Gaogamon,https://digimon-api.com/api/v1/digimon/398
398,399,Kakkinmon,https://digimon-api.com/api/v1/digimon/399
399,400,Imperialdramon(Paladin Mode),https://digimon-api.com/api/v1/digimon/400
400,401,Botamon,https://digimon-api.com/api/v1/digimon/401
401,402,Chamelemon,https://digimon-api.com/api/v1/digimon/402
402,403,Kuwagamon (X-Antibody),https://digimon-api.com/api/v1/digimon/403
403,404,Ponchomon,https://digimon-api.com/api/v1/digimon/404
404,405,Rook Chessmon (White),https://digimon-api.com/api/v1/digimon/405
405,406,Ragna Lordmon,https://digimon-api.com/api/v1/digimon/406
406,407,Exermon,https://digimon-api.com/api/v1/digimon/407
407,408,Apollomon,https://digimon-api.com/api/v1/digimon/408
408,409,Rhino Kabuterimon,https://digimon-api.com/api/v1/digimon/409
409,410,Gogmamon,https://digimon-api.com/api/v1/digimon/410
410,411,Starmon,https://digimon-api.com/api/v1/digimon/411
411,412,Tentomon,https://digimon-api.com/api/v1/digimon/412
412,413,Tortamon,https://digimon-api.com/api/v1/digimon/413
413,414,Wingdramon,https://digimon-api.com/api/v1/digimon/414
414,415,Beelzebumon,https://digimon-api.com/api/v1/digimon/415
415,416,Negamon (Evolved Form),https://digimon-api.com/api/v1/digimon/416
416,417,Fufumon,https://digimon-api.com/api/v1/digimon/417
417,418,Betel Gammamon,https://digimon-api.com/api/v1/digimon/418
418,419,Dynasmon,https://digimon-api.com/api/v1/digimon/419
419,420,Agumon (Black) (X-Antibody),https://digimon-api.com/api/v1/digimon/420
420,421,Mach Gaogamon,https://digimon-api.com/api/v1/digimon/421
421,422,Shoutmon SH,https://digimon-api.com/api/v1/digimon/422
422,423,Ofanimon(Falldown Mode (X-Antibody)),https://digimon-api.com/api/v1/digimon/423
423,424,Spadamon,https://digimon-api.com/api/v1/digimon/424
424,425,Silphymon,https://digimon-api.com/api/v1/digimon/425
425,426,Black Shoutmon X7,https://digimon-api.com/api/v1/digimon/426
426,427,Neo Vamdemon,https://digimon-api.com/api/v1/digimon/427
427,428,Dorimon,https://digimon-api.com/api/v1/digimon/428
428,429,Junkmon,https://digimon-api.com/api/v1/digimon/429
429,430,Sakuyamon(Miko Mode),https://digimon-api.com/api/v1/digimon/430
430,431,Blossomon,https://digimon-api.com/api/v1/digimon/431
431,432,Rampage Greymon,https://digimon-api.com/api/v1/digimon/432
432,433,Bio Spinomon,https://digimon-api.com/api/v1/digimon/433
433,434,Gankoomon,https://digimon-api.com/api/v1/digimon/434
434,435,Shademon,https://digimon-api.com/api/v1/digimon/435
435,436,Agumon (Black) (2006 Anime Version),https://digimon-api.com/api/v1/digimon/436
436,437,Devimon,https://digimon-api.com/api/v1/digimon/437
437,438,Shoutmon X3GM,https://digimon-api.com/api/v1/digimon/438
438,439,Burgamon,https://digimon-api.com/api/v1/digimon/439
439,440,Gumdramon,https://digimon-api.com/api/v1/digimon/440
440,441,Ochi Musyamon,https://digimon-api.com/api/v1/digimon/441
441,442,Peckmon,https://digimon-api.com/api/v1/digimon/442
442,443,Gankoomon (X-Antibody),https://digimon-api.com/api/v1/digimon/443
443,444,Trailmon Raccoon Dog,https://digimon-api.com/api/v1/digimon/444
444,445,Devitamamon,https://digimon-api.com/api/v1/digimon/445
445,446,Vajramon,https://digimon-api.com/api/v1/digimon/446
446,447,King Chessmon,https://digimon-api.com/api/v1/digimon/447
447,448,Ultimate Brachimon,https://digimon-api.com/api/v1/digimon/448
448,449,Pawn Chessmon (Black),https://digimon-api.com/api/v1/digimon/449
449,450,Sunarizamon,https://digimon-api.com/api/v1/digimon/450
450,451,Cherubimon (Virtue) (X-Antibody),https://digimon-api.com/api/v1/digimon/451
451,452,Waspmon,https://digimon-api.com/api/v1/digimon/452
452,453,Superstarmon,https://digimon-api.com/api/v1/digimon/453
453,454,Parasimon,https://digimon-api.com/api/v1/digimon/454
454,455,Flare Lizamon,https://digimon-api.com/api/v1/digimon/455
455,456,Metal Tyranomon,https://digimon-api.com/api/v1/digimon/456
456,457,Shoutmon X4B,https://digimon-api.com/api/v1/digimon/457
457,458,Ebidramon,https://digimon-api.com/api/v1/digimon/458
458,459,Blade Kuwagamon,https://digimon-api.com/api/v1/digimon/459
459,460,Cotsucomon,https://digimon-api.com/api/v1/digimon/460
460,461,Xros Up Tuwarmon (Superstarmon),https://digimon-api.com/api/v1/digimon/461
461,462,Super Dark Knightmon,https://digimon-api.com/api/v1/digimon/462
462,463,Gusokumon,https://digimon-api.com/api/v1/digimon/463
463,464,Deathmon,https://digimon-api.com/api/v1/digimon/464
464,465,Hudiemon,https://digimon-api.com/api/v1/digimon/465
465,466,Budmon,https://digimon-api.com/api/v1/digimon/466
466,467,Ajatarmon,https://digimon-api.com/api/v1/digimon/467
467,468,Parrotmon,https://digimon-api.com/api/v1/digimon/468
468,469,Blizzarmon,https://digimon-api.com/api/v1/digimon/469
469,470,Black Seraphimon,https://digimon-api.com/api/v1/digimon/470
470,471,Pickmon,https://digimon-api.com/api/v1/digimon/471
471,472,Kuwagamon,https://digimon-api.com/api/v1/digimon/472
472,473,Chronomon Destroy Mode,https://digimon-api.com/api/v1/digimon/473
473,474,Minotaurmon,https://digimon-api.com/api/v1/digimon/474
474,475,Birdramon,https://digimon-api.com/api/v1/digimon/475
475,476,Black Seraphimon (DW3),https://digimon-api.com/api/v1/digimon/476
476,477,Jokermon,https://digimon-api.com/api/v1/digimon/477
477,478,Minomon,https://digimon-api.com/api/v1/digimon/478
478,479,Metal Greymon (Virus),https://digimon-api.com/api/v1/digimon/479
479,480,Monitamon,https://digimon-api.com/api/v1/digimon/480
480,481,Yaeger Dorulumon,https://digimon-api.com/api/v1/digimon/481
481,482,Gigadramon,https://digimon-api.com/api/v1/digimon/482
482,483,Centalmon,https://digimon-api.com/api/v1/digimon/483
483,484,Omegamon(Merciful Mode),https://digimon-api.com/api/v1/digimon/484
484,485,Penmon,https://digimon-api.com/api/v1/digimon/485
485,486,Valdurmon,https://digimon-api.com/api/v1/digimon/486
486,487,Tuchidarumon,https://digimon-api.com/api/v1/digimon/487
487,488,Cerberumon (X-Antibody),https://digimon-api.com/api/v1/digimon/488
488,489,Entmon,https://digimon-api.com/api/v1/digimon/489
489,490,Chicchimon,https://digimon-api.com/api/v1/digimon/490
490,491,Sunamon,https://digimon-api.com/api/v1/digimon/491
491,492,Gaioumon(Itto Mode),https://digimon-api.com/api/v1/digimon/492
492,493,Mojyamon,https://digimon-api.com/api/v1/digimon/493
493,494,Vamdemon (X-Antibody),https://digimon-api.com/api/v1/digimon/494
494,495,Metal Mamemon (X-Antibody),https://digimon-api.com/api/v1/digimon/495
495,496,Kyaromon,https://digimon-api.com/api/v1/digimon/496
496,497,Bloom Lordmon,https://digimon-api.com/api/v1/digimon/497
497,498,Black Gaogamon,https://digimon-api.com/api/v1/digimon/498
498,499,Shadramon,https://digimon-api.com/api/v1/digimon/499
499,500,Rasenmon,https://digimon-api.com/api/v1/digimon/500
500,501,Trailmon Battle Form,https://digimon-api.com/api/v1/digimon/501
501,502,Lord Knightmon,https://digimon-api.com/api/v1/digimon/502
502,503,Makuramon,https://digimon-api.com/api/v1/digimon/503
503,504,Mechanorimon,https://digimon-api.com/api/v1/digimon/504
504,505,Shoutmon X7,https://digimon-api.com/api/v1/digimon/505
505,506,King Etemon,https://digimon-api.com/api/v1/digimon/506
506,507,Xros Up Arresterdramon (Metal Tyranomon),https://digimon-api.com/api/v1/digimon/507
507,508,Scorpiomon,https://digimon-api.com/api/v1/digimon/508
508,509,Dracomon (X-Antibody),https://digimon-api.com/api/v1/digimon/509
509,510,Quartzmon,https://digimon-api.com/api/v1/digimon/510
510,511,Dinohumon,https://digimon-api.com/api/v1/digimon/511
511,512,Trailmon of Darkness,https://digimon-api.com/api/v1/digimon/512
512,513,ShouCutemon,https://digimon-api.com/api/v1/digimon/513
513,514,Pumpmon,https://digimon-api.com/api/v1/digimon/514
514,515,Gattai Lilithmon,https://digimon-api.com/api/v1/digimon/515
515,516,Bio Lotusmon,https://digimon-api.com/api/v1/digimon/516
516,517,Great King Scumon,https://digimon-api.com/api/v1/digimon/517
517,518,Buraimon,https://digimon-api.com/api/v1/digimon/518
518,519,Deadly Axemon,https://digimon-api.com/api/v1/digimon/519
519,520,Luminamon (Nene Ver.),https://digimon-api.com/api/v1/digimon/520
520,521,King Whamon,https://digimon-api.com/api/v1/digimon/521
521,522,Lynxmon,https://digimon-api.com/api/v1/digimon/522
522,523,Mothmon,https://digimon-api.com/api/v1/digimon/523
523,524,Bomber Nanimon,https://digimon-api.com/api/v1/digimon/524
524,525,Shakamon,https://digimon-api.com/api/v1/digimon/525
525,526,Nohemon,https://digimon-api.com/api/v1/digimon/526
526,527,Tafa Pandamon,https://digimon-api.com/api/v1/digimon/527
527,528,Skull Knightmon (White),https://digimon-api.com/api/v1/digimon/528
528,529,Velgrmon,https://digimon-api.com/api/v1/digimon/529
529,530,Kozenimon,https://digimon-api.com/api/v1/digimon/530
530,531,Mokumon,https://digimon-api.com/api/v1/digimon/531
531,532,Wanyamon,https://digimon-api.com/api/v1/digimon/532
532,533,Maildramon,https://digimon-api.com/api/v1/digimon/533
533,534,Doumon,https://digimon-api.com/api/v1/digimon/534
534,535,Mitamamon,https://digimon-api.com/api/v1/digimon/535
535,536,Chimairamon,https://digimon-api.com/api/v1/digimon/536
536,537,Greymon + Skull Knightmon,https://digimon-api.com/api/v1/digimon/537
537,538,Weddinmon,https://digimon-api.com/api/v1/digimon/538
538,539,Red Vegimon,https://digimon-api.com/api/v1/digimon/539
539,540,Anomalocarimon,https://digimon-api.com/api/v1/digimon/540
540,541,Clavis Angemon,https://digimon-api.com/api/v1/digimon/541
541,542,Dark Knightmon,https://digimon-api.com/api/v1/digimon/542
542,543,Guilmon,https://digimon-api.com/api/v1/digimon/543
543,544,Beelzebumon (2010 Anime Version),https://digimon-api.com/api/v1/digimon/544
544,545,Angewomon (X-Antibody),https://digimon-api.com/api/v1/digimon/545
545,546,Battle Armament Trailmon,https://digimon-api.com/api/v1/digimon/546
546,547,Darcmon,https://digimon-api.com/api/v1/digimon/547
547,548,Imperialdramon(Dragon Mode),https://digimon-api.com/api/v1/digimon/548
548,549,Troopmon,https://digimon-api.com/api/v1/digimon/549
549,550,Lekismon,https://digimon-api.com/api/v1/digimon/550
550,551,Ganvivormon,https://digimon-api.com/api/v1/digimon/551
551,552,Astamon,https://digimon-api.com/api/v1/digimon/552
552,553,Sakuteki Monitamon,https://digimon-api.com/api/v1/digimon/553
553,554,White Lopmon,https://digimon-api.com/api/v1/digimon/554
554,555,Lampmon,https://digimon-api.com/api/v1/digimon/555
555,556,Gravimon,https://digimon-api.com/api/v1/digimon/556
556,557,Grottemon,https://digimon-api.com/api/v1/digimon/557
557,558,Harpymon,https://digimon-api.com/api/v1/digimon/558
558,559,Bancho Mamemon,https://digimon-api.com/api/v1/digimon/559
559,560,Alphamon(Ouryuken),https://digimon-api.com/api/v1/digimon/560
560,561,Icemon,https://digimon-api.com/api/v1/digimon/561
561,562,Holy Angemon(Priest Mode),https://digimon-api.com/api/v1/digimon/562
562,563,Taomon,https://digimon-api.com/api/v1/digimon/563
563,564,Aegiochusmon(Blue),https://digimon-api.com/api/v1/digimon/564
564,565,Goddramon,https://digimon-api.com/api/v1/digimon/565
565,566,Beelzebumon + Revolmon,https://digimon-api.com/api/v1/digimon/566
566,567,Skull Greymon,https://digimon-api.com/api/v1/digimon/567
567,568,Guardromon (Gold),https://digimon-api.com/api/v1/digimon/568
568,569,Fros Velgrmon,https://digimon-api.com/api/v1/digimon/569
569,570,Barbamon (X-Antibody),https://digimon-api.com/api/v1/digimon/570
570,571,Minidekachimon,https://digimon-api.com/api/v1/digimon/571
571,572,Arbormon,https://digimon-api.com/api/v1/digimon/572
572,573,Allomon (X-Antibody),https://digimon-api.com/api/v1/digimon/573
573,574,Tekkamon,https://digimon-api.com/api/v1/digimon/574
574,575,Hiyarimon,https://digimon-api.com/api/v1/digimon/575
575,576,Red V-dramon,https://digimon-api.com/api/v1/digimon/576
576,577,Bommon,https://digimon-api.com/api/v1/digimon/577
577,578,Ballistamon MC,https://digimon-api.com/api/v1/digimon/578
578,579,Revolmon,https://digimon-api.com/api/v1/digimon/579
579,580,Devidramon,https://digimon-api.com/api/v1/digimon/580
580,581,Huanglongmon,https://digimon-api.com/api/v1/digimon/581
581,582,Puyomon,https://digimon-api.com/api/v1/digimon/582
582,583,Orochimon,https://digimon-api.com/api/v1/digimon/583
583,584,Clear Agumon,https://digimon-api.com/api/v1/digimon/584
584,585,Gulfmon,https://digimon-api.com/api/v1/digimon/585
585,586,Dot Agumon,https://digimon-api.com/api/v1/digimon/586
586,587,Choromon,https://digimon-api.com/api/v1/digimon/587
587,588,Dark Knightmon (Lilithmon),https://digimon-api.com/api/v1/digimon/588
588,589,Ofanimon(Falldown Mode),https://digimon-api.com/api/v1/digimon/589
589,590,Herissmon,https://digimon-api.com/api/v1/digimon/590
590,591,Soulmon,https://digimon-api.com/api/v1/digimon/591
591,592,Shurimon,https://digimon-api.com/api/v1/digimon/592
592,593,Ohakadamon,https://digimon-api.com/api/v1/digimon/593
593,594,Goatmon,https://digimon-api.com/api/v1/digimon/594
594,595,Aero V-dramon,https://digimon-api.com/api/v1/digimon/595
595,596,Meicrackmon,https://digimon-api.com/api/v1/digimon/596
596,597,Pokomon,https://digimon-api.com/api/v1/digimon/597
597,598,Megalo Growmon (Orange),https://digimon-api.com/api/v1/digimon/598
598,599,Gesomon,https://digimon-api.com/api/v1/digimon/599
599,600,Jyarimon,https://digimon-api.com/api/v1/digimon/600
600,601,Hi-Vision Monitamon,https://digimon-api.com/api/v1/digimon/601
601,602,Skull Knightmon,https://digimon-api.com/api/v1/digimon/602
602,603,Minotaurmon Adult,https://digimon-api.com/api/v1/digimon/603
603,604,Frimon,https://digimon-api.com/api/v1/digimon/604
604,605,Tukaimon,https://digimon-api.com/api/v1/digimon/605
605,606,Deckerdramon Float Mode,https://digimon-api.com/api/v1/digimon/606
606,607,Sanzomon,https://digimon-api.com/api/v1/digimon/607
607,608,Tyranomon (X-Antibody),https://digimon-api.com/api/v1/digimon/608
608,609,Breakdramon,https://digimon-api.com/api/v1/digimon/609
609,610,Jupitermon(Wrath Mode),https://digimon-api.com/api/v1/digimon/610
610,611,Chaos Grimmon,https://digimon-api.com/api/v1/digimon/611
611,612,Rhinomon (X-Antibody),https://digimon-api.com/api/v1/digimon/612
612,613,Caturamon,https://digimon-api.com/api/v1/digimon/613
613,614,Dukemon (X-Antibody),https://digimon-api.com/api/v1/digimon/614
614,615,Trailmon Buffalo,https://digimon-api.com/api/v1/digimon/615
615,616,Loader Liomon,https://digimon-api.com/api/v1/digimon/616
616,617,Monzaemon,https://digimon-api.com/api/v1/digimon/617
617,618,Black Saint Galgomon,https://digimon-api.com/api/v1/digimon/618
618,619,Apollomon Whispered,https://digimon-api.com/api/v1/digimon/619
619,620,Panjyamon (X-Antibody),https://digimon-api.com/api/v1/digimon/620
620,621,Shoutmon X3SD,https://digimon-api.com/api/v1/digimon/621
621,622,Ginryumon,https://digimon-api.com/api/v1/digimon/622
622,623,Manbomon,https://digimon-api.com/api/v1/digimon/623
623,624,Yarmon,https://digimon-api.com/api/v1/digimon/624
624,625,Kudamon (2006 Anime Version),https://digimon-api.com/api/v1/digimon/625
625,626,Cardmon R2,https://digimon-api.com/api/v1/digimon/626
626,627,EBEmon,https://digimon-api.com/api/v1/digimon/627
627,628,Arresterdramon(Superior Mode),https://digimon-api.com/api/v1/digimon/628
628,629,Chaos Dukemon,https://digimon-api.com/api/v1/digimon/629
629,630,Betsumon,https://digimon-api.com/api/v1/digimon/630
630,631,Bakemon,https://digimon-api.com/api/v1/digimon/631
631,632,Kumbhiramon,https://digimon-api.com/api/v1/digimon/632
632,633,Strabimon,https://digimon-api.com/api/v1/digimon/633
633,634,Chokimon,https://digimon-api.com/api/v1/digimon/634
634,635,Ancient Sphinxmon,https://digimon-api.com/api/v1/digimon/635
635,636,Dark Lizamon,https://digimon-api.com/api/v1/digimon/636
636,637,Pickmons Slingshot,https://digimon-api.com/api/v1/digimon/637
637,638,Greymon (Ash),https://digimon-api.com/api/v1/digimon/638
638,639,Siesamon,https://digimon-api.com/api/v1/digimon/639
639,640,Evilmon,https://digimon-api.com/api/v1/digimon/640
640,641,Grademon,https://digimon-api.com/api/v1/digimon/641
641,642,Bancho Leomon,https://digimon-api.com/api/v1/digimon/642
642,643,Kaus Gammamon,https://digimon-api.com/api/v1/digimon/643
643,644,Bastemon,https://digimon-api.com/api/v1/digimon/644
644,645,Petermon,https://digimon-api.com/api/v1/digimon/645
645,646,Seadramon,https://digimon-api.com/api/v1/digimon/646
646,647,Ultimate Chaosmon,https://digimon-api.com/api/v1/digimon/647
647,648,Phelesmon,https://digimon-api.com/api/v1/digimon/648
648,649,Thunderbirmon,https://digimon-api.com/api/v1/digimon/649
649,650,Black Galgomon,https://digimon-api.com/api/v1/digimon/650
650,651,Millenniumon,https://digimon-api.com/api/v1/digimon/651
651,652,Fuximon,https://digimon-api.com/api/v1/digimon/652
652,653,Otamamon (X-Antibody),https://digimon-api.com/api/v1/digimon/653
653,654,Kyubimon (Silver),https://digimon-api.com/api/v1/digimon/654
654,655,Stingmon (Black),https://digimon-api.com/api/v1/digimon/655
655,656,Trailmon Kettle,https://digimon-api.com/api/v1/digimon/656
656,657,Mammon,https://digimon-api.com/api/v1/digimon/657
657,658,Darkdramon,https://digimon-api.com/api/v1/digimon/658
658,659,Grandis Kuwagamon,https://digimon-api.com/api/v1/digimon/659
659,660,Ragnamon,https://digimon-api.com/api/v1/digimon/660
660,661,Bao Hackmon,https://digimon-api.com/api/v1/digimon/661
661,662,Butenmon,https://digimon-api.com/api/v1/digimon/662
662,663,Shivamon,https://digimon-api.com/api/v1/digimon/663
663,664,V-mon,https://digimon-api.com/api/v1/digimon/664
664,665,Tesla Jellymon,https://digimon-api.com/api/v1/digimon/665
665,666,V-dramon,https://digimon-api.com/api/v1/digimon/666
666,667,Tokomon (X-Antibody),https://digimon-api.com/api/v1/digimon/667
667,668,Olegmon,https://digimon-api.com/api/v1/digimon/668
668,669,Palmon,https://digimon-api.com/api/v1/digimon/669
669,670,Agumon (2006 Anime Version),https://digimon-api.com/api/v1/digimon/670
670,671,Wisemon,https://digimon-api.com/api/v1/digimon/671
671,672,Xros Up Arresterdramon (Blossomon),https://digimon-api.com/api/v1/digimon/672
672,673,Gizmon(XT),https://digimon-api.com/api/v1/digimon/673
673,674,Shoutmon X5B,https://digimon-api.com/api/v1/digimon/674
674,675,Sistermon Blanc (Awaken),https://digimon-api.com/api/v1/digimon/675
675,676,Ofanimon Core,https://digimon-api.com/api/v1/digimon/676
676,677,Aquilamon,https://digimon-api.com/api/v1/digimon/677
677,678,Grey Knightsmon,https://digimon-api.com/api/v1/digimon/678
678,679,Prairiemon,https://digimon-api.com/api/v1/digimon/679
679,680,Ice Devimon Enhancement Absorbent,https://digimon-api.com/api/v1/digimon/680
680,681,Mephismon (X-Antibody),https://digimon-api.com/api/v1/digimon/681
681,682,Koromon,https://digimon-api.com/api/v1/digimon/682
682,683,Piccolomon,https://digimon-api.com/api/v1/digimon/683
683,684,Shoutmon DX,https://digimon-api.com/api/v1/digimon/684
684,685,Savior Hackmon,https://digimon-api.com/api/v1/digimon/685
685,686,Chaosmon,https://digimon-api.com/api/v1/digimon/686
686,687,Pulsemon,https://digimon-api.com/api/v1/digimon/687
687,688,Neo Vamdemon Darkness Mode (Vampire Army),https://digimon-api.com/api/v1/digimon/688
688,689,Justimon(Accel Arm),https://digimon-api.com/api/v1/digimon/689
689,690,Sakuyamon (X-Antibody),https://digimon-api.com/api/v1/digimon/690
690,691,Slash Angemon,https://digimon-api.com/api/v1/digimon/691
691,692,Dorulumon,https://digimon-api.com/api/v1/digimon/692
692,693,Paledramon,https://digimon-api.com/api/v1/digimon/693
693,694,Gaogamon,https://digimon-api.com/api/v1/digimon/694
694,695,Depthmon,https://digimon-api.com/api/v1/digimon/695
695,696,Runnermon,https://digimon-api.com/api/v1/digimon/696
696,697,Bagramon,https://digimon-api.com/api/v1/digimon/697
697,698,Majiramon,https://digimon-api.com/api/v1/digimon/698
698,699,Kuzuhamon,https://digimon-api.com/api/v1/digimon/699
699,700,Thetismon,https://digimon-api.com/api/v1/digimon/700
700,701,El Doradimon,https://digimon-api.com/api/v1/digimon/701
701,702,Gabumon -Yujo no Kizuna-,https://digimon-api.com/api/v1/digimon/702
702,703,Magna Garurumon,https://digimon-api.com/api/v1/digimon/703
703,704,Sparrowmon,https://digimon-api.com/api/v1/digimon/704
704,705,Shakomon (X-Antibody),https://digimon-api.com/api/v1/digimon/705
705,706,Metal Greymon,https://digimon-api.com/api/v1/digimon/706
706,707,Raptordramon,https://digimon-api.com/api/v1/digimon/707
707,708,Plotmon,https://digimon-api.com/api/v1/digimon/708
708,709,Reppamon,https://digimon-api.com/api/v1/digimon/709
709,710,Rurimon,https://digimon-api.com/api/v1/digimon/710
710,711,Giga Breakdramon,https://digimon-api.com/api/v1/digimon/711
711,712,Locomon,https://digimon-api.com/api/v1/digimon/712
712,713,Beelzebumon(Blast Mode),https://digimon-api.com/api/v1/digimon/713
713,714,Blue Meramon,https://digimon-api.com/api/v1/digimon/714
714,715,Splashmon Darkness Mode,https://digimon-api.com/api/v1/digimon/715
715,716,Parasaurmon,https://digimon-api.com/api/v1/digimon/716
716,717,Dogmon,https://digimon-api.com/api/v1/digimon/717
717,718,Guumon,https://digimon-api.com/api/v1/digimon/718
718,719,Beelzebumon (X-Antibody),https://digimon-api.com/api/v1/digimon/719
719,720,Aircraft Carrier Whamon,https://digimon-api.com/api/v1/digimon/720
720,721,Ogudomon (X-Antibody),https://digimon-api.com/api/v1/digimon/721
721,722,Labramon,https://digimon-api.com/api/v1/digimon/722
722,723,Sunflowmon,https://digimon-api.com/api/v1/digimon/723
723,724,Hubmon,https://digimon-api.com/api/v1/digimon/724
724,725,Knight Chessmon (White),https://digimon-api.com/api/v1/digimon/725
725,726,Rasielmon,https://digimon-api.com/api/v1/digimon/726
726,727,Plutomon,https://digimon-api.com/api/v1/digimon/727
727,728,Examon,https://digimon-api.com/api/v1/digimon/728
728,729,Pawn Gaossmon,https://digimon-api.com/api/v1/digimon/729
729,730,Prince Mamemon (X-Antibody),https://digimon-api.com/api/v1/digimon/730
730,731,Octmon,https://digimon-api.com/api/v1/digimon/731
731,732,Yo!Yo!mon,https://digimon-api.com/api/v1/digimon/732
732,733,Metal Greymon (Virus) (X-Antibody),https://digimon-api.com/api/v1/digimon/733
733,734,Sangomon,https://digimon-api.com/api/v1/digimon/734
734,735,Sinduramon,https://digimon-api.com/api/v1/digimon/735
735,736,Gazimon (X-Antibody),https://digimon-api.com/api/v1/digimon/736
736,737,Trailmon,https://digimon-api.com/api/v1/digimon/737
737,738,Shoutmon X4,https://digimon-api.com/api/v1/digimon/738
738,739,Minervamon,https://digimon-api.com/api/v1/digimon/739
739,740,Pucchiemon (Green),https://digimon-api.com/api/v1/digimon/740
740,741,Raidenmon,https://digimon-api.com/api/v1/digimon/741
741,742,Valvemon,https://digimon-api.com/api/v1/digimon/742
742,743,Gammamon,https://digimon-api.com/api/v1/digimon/743
743,744,Fairimon,https://digimon-api.com/api/v1/digimon/744
744,745,Pinamon,https://digimon-api.com/api/v1/digimon/745
745,746,Punimon,https://digimon-api.com/api/v1/digimon/746
746,747,Plesiomon,https://digimon-api.com/api/v1/digimon/747
747,748,Saber Leomon,https://digimon-api.com/api/v1/digimon/748
748,749,Xros Up Shoutmon (Chibi Kamemon),https://digimon-api.com/api/v1/digimon/749
749,750,Lady Devimon (X-Antibody),https://digimon-api.com/api/v1/digimon/750
750,751,Sethmon,https://digimon-api.com/api/v1/digimon/751
751,752,Drimogemon,https://digimon-api.com/api/v1/digimon/752
752,753,Trailmon Mole,https://digimon-api.com/api/v1/digimon/753
753,754,Etemon Chaos,https://digimon-api.com/api/v1/digimon/754
754,755,Poyomon,https://digimon-api.com/api/v1/digimon/755
755,756,Ganemon,https://digimon-api.com/api/v1/digimon/756
756,757,Frogmon,https://digimon-api.com/api/v1/digimon/757
757,758,Tyilinmon,https://digimon-api.com/api/v1/digimon/758
758,759,Agumon(Burst Mode),https://digimon-api.com/api/v1/digimon/759
759,760,Gaioumon,https://digimon-api.com/api/v1/digimon/760
760,761,Xros Up Arresterdramon (Giga Breakdramon),https://digimon-api.com/api/v1/digimon/761
761,762,Eyesmon,https://digimon-api.com/api/v1/digimon/762
762,763,Tocanmon,https://digimon-api.com/api/v1/digimon/763
763,764,Snimon,https://digimon-api.com/api/v1/digimon/764
764,765,Hyokomon,https://digimon-api.com/api/v1/digimon/765
765,766,Pucchiemon,https://digimon-api.com/api/v1/digimon/766
766,767,Raihimon,https://digimon-api.com/api/v1/digimon/767
767,768,Iguneetmon,https://digimon-api.com/api/v1/digimon/768
768,769,Ceresmon Medium,https://digimon-api.com/api/v1/digimon/769
769,770,Bacomon,https://digimon-api.com/api/v1/digimon/770
770,771,Lucemon,https://digimon-api.com/api/v1/digimon/771
771,772,Lopmon,https://digimon-api.com/api/v1/digimon/772
772,773,Frozomon,https://digimon-api.com/api/v1/digimon/773
773,774,Cannonbeemon,https://digimon-api.com/api/v1/digimon/774
774,775,Yuki Agumon (2006 Anime Version),https://digimon-api.com/api/v1/digimon/775
775,776,Bancho Stingmon,https://digimon-api.com/api/v1/digimon/776
776,777,Jet Mervamon,https://digimon-api.com/api/v1/digimon/777
777,778,Raremon,https://digimon-api.com/api/v1/digimon/778
778,779,Sistermon Noir (Awaken),https://digimon-api.com/api/v1/digimon/779
779,780,Ancient Megatheriumon,https://digimon-api.com/api/v1/digimon/780
780,781,Dobermon,https://digimon-api.com/api/v1/digimon/781
781,782,Megadramon,https://digimon-api.com/api/v1/digimon/782
782,783,Darkness Bagramon,https://digimon-api.com/api/v1/digimon/783
783,784,Jyureimon,https://digimon-api.com/api/v1/digimon/784
784,785,Belphemon (X-Antibody),https://digimon-api.com/api/v1/digimon/785
785,786,Pandamon,https://digimon-api.com/api/v1/digimon/786
786,787,Dorbickmon Darkness Mode (Flare Lizamon),https://digimon-api.com/api/v1/digimon/787
787,788,Arkadimon Adult,https://digimon-api.com/api/v1/digimon/788
788,789,Garurumon (Black),https://digimon-api.com/api/v1/digimon/789
789,790,Babamon,https://digimon-api.com/api/v1/digimon/790
790,791,Rapidmon Armor,https://digimon-api.com/api/v1/digimon/791
791,792,Rosemon(Burst Mode),https://digimon-api.com/api/v1/digimon/792
792,793,Mantaraymon (X-Antibody),https://digimon-api.com/api/v1/digimon/793
793,794,Leomon (X-Antibody),https://digimon-api.com/api/v1/digimon/794
794,795,Black Mach Gaogamon,https://digimon-api.com/api/v1/digimon/795
795,796,Jellymon,https://digimon-api.com/api/v1/digimon/796
796,797,Jijimon,https://digimon-api.com/api/v1/digimon/797
797,798,Citramon,https://digimon-api.com/api/v1/digimon/798
798,799,Coatlmon,https://digimon-api.com/api/v1/digimon/799
799,800,Algomon (Adult),https://digimon-api.com/api/v1/digimon/800
800,801,Xros Up Arresterdramon (Orgemon),https://digimon-api.com/api/v1/digimon/801
801,802,Lilimon (X-Antibody),https://digimon-api.com/api/v1/digimon/802
802,803,Belphemon(Rage Mode),https://digimon-api.com/api/v1/digimon/803
803,804,Pyocomon,https://digimon-api.com/api/v1/digimon/804
804,805,Tinkermon,https://digimon-api.com/api/v1/digimon/805
805,806,Monochromon,https://digimon-api.com/api/v1/digimon/806
806,807,Youkomon,https://digimon-api.com/api/v1/digimon/807
807,808,Atlur Kabuterimon (Red),https://digimon-api.com/api/v1/digimon/808
808,809,Zubaeagermon,https://digimon-api.com/api/v1/digimon/809
809,810,Mach Leomon,https://digimon-api.com/api/v1/digimon/810
810,811,Tuskmon,https://digimon-api.com/api/v1/digimon/811
811,812,Machmon,https://digimon-api.com/api/v1/digimon/812
812,813,Fantomon,https://digimon-api.com/api/v1/digimon/813
813,814,Kodokugumon Child,https://digimon-api.com/api/v1/digimon/814
814,815,Dinorexmon,https://digimon-api.com/api/v1/digimon/815
815,816,Gawappamon,https://digimon-api.com/api/v1/digimon/816
816,817,Shine Greymon(Ruin Mode),https://digimon-api.com/api/v1/digimon/817
817,818,Gizamon,https://digimon-api.com/api/v1/digimon/818
818,819,Tylomon (X-Antibody),https://digimon-api.com/api/v1/digimon/819
819,820,Atlur Kabuterimon (Blue),https://digimon-api.com/api/v1/digimon/820
820,821,Bun,https://digimon-api.com/api/v1/digimon/821
821,822,Moonmon,https://digimon-api.com/api/v1/digimon/822
822,823,Tia Ludomon,https://digimon-api.com/api/v1/digimon/823
823,824,Pidmon,https://digimon-api.com/api/v1/digimon/824
824,825,Majuu Lilithmon,https://digimon-api.com/api/v1/digimon/825
825,826,Cres Garurumon,https://digimon-api.com/api/v1/digimon/826
826,827,Stegomon,https://digimon-api.com/api/v1/digimon/827
827,828,Bubbmon,https://digimon-api.com/api/v1/digimon/828
828,829,Cerberumon(Werewolf Mode),https://digimon-api.com/api/v1/digimon/829
829,830,Zanbamon,https://digimon-api.com/api/v1/digimon/830
830,831,Leviamon (X-Antibody),https://digimon-api.com/api/v1/digimon/831
831,832,Dinotigermon,https://digimon-api.com/api/v1/digimon/832
832,833,Cupimon,https://digimon-api.com/api/v1/digimon/833
833,834,Shoutmon X2 (Incomplete X4),https://digimon-api.com/api/v1/digimon/834
834,835,Omega Armamon Burst Mode,https://digimon-api.com/api/v1/digimon/835
835,836,Searchmon,https://digimon-api.com/api/v1/digimon/836
836,837,Diatrymon,https://digimon-api.com/api/v1/digimon/837
837,838,Saint Galgomon,https://digimon-api.com/api/v1/digimon/838
838,839,Algomon (Child),https://digimon-api.com/api/v1/digimon/839
839,840,Mad Leomon (Orochi Mode),https://digimon-api.com/api/v1/digimon/840
840,841,Shoutmon EX6,https://digimon-api.com/api/v1/digimon/841
841,842,Volcamon,https://digimon-api.com/api/v1/digimon/842
842,843,Xros Up Arresterdramon (Sparrowmon),https://digimon-api.com/api/v1/digimon/843
843,844,Renamon (X-Antibody),https://digimon-api.com/api/v1/digimon/844
844,845,Done Devimon,https://digimon-api.com/api/v1/digimon/845
845,846,Insekimon,https://digimon-api.com/api/v1/digimon/846
846,847,Tylomon,https://digimon-api.com/api/v1/digimon/847
847,848,Gokuwmon,https://digimon-api.com/api/v1/digimon/848
848,849,Xros Up Shoutmon (Pinochimon),https://digimon-api.com/api/v1/digimon/849
849,850,Baboongamon,https://digimon-api.com/api/v1/digimon/850
850,851,Meicoomon's Unnamed Child Form,https://digimon-api.com/api/v1/digimon/851
851,852,Bombmon,https://digimon-api.com/api/v1/digimon/852
852,853,Piranimon,https://digimon-api.com/api/v1/digimon/853
853,854,Balli Bastemon,https://digimon-api.com/api/v1/digimon/854
854,855,Cardmon R1,https://digimon-api.com/api/v1/digimon/855
855,856,Metal Piranimon,https://digimon-api.com/api/v1/digimon/856
856,857,Mummymon,https://digimon-api.com/api/v1/digimon/857
857,858,Algomon (Baby II),https://digimon-api.com/api/v1/digimon/858
858,859,Shima Unimon,https://digimon-api.com/api/v1/digimon/859
859,860,Avenge Kidmon,https://digimon-api.com/api/v1/digimon/860
860,861,Crescemon,https://digimon-api.com/api/v1/digimon/861
861,862,Duftmon(Leopard Mode),https://digimon-api.com/api/v1/digimon/862
862,863,Jet Silphymon,https://digimon-api.com/api/v1/digimon/863
863,864,Tiger Vespamon,https://digimon-api.com/api/v1/digimon/864
864,865,Elecmon,https://digimon-api.com/api/v1/digimon/865
865,866,Kamemon,https://digimon-api.com/api/v1/digimon/866
866,867,Digmon,https://digimon-api.com/api/v1/digimon/867
867,868,Bearmon,https://digimon-api.com/api/v1/digimon/868
868,869,Allomon,https://digimon-api.com/api/v1/digimon/869
869,870,Abbadomon Core,https://digimon-api.com/api/v1/digimon/870
870,871,Chikurimon,https://digimon-api.com/api/v1/digimon/871
871,872,Mad Leomon(Armed Mode),https://digimon-api.com/api/v1/digimon/872
872,873,Ranamon,https://digimon-api.com/api/v1/digimon/873
873,874,Armagemon,https://digimon-api.com/api/v1/digimon/874
874,875,Medieval Dukemon,https://digimon-api.com/api/v1/digimon/875
875,876,Chaos Lord,https://digimon-api.com/api/v1/digimon/876
876,877,Shoutmon + Star Sword,https://digimon-api.com/api/v1/digimon/877
877,878,Gomamon,https://digimon-api.com/api/v1/digimon/878
878,879,Angemon,https://digimon-api.com/api/v1/digimon/879
879,880,Sepikmon,https://digimon-api.com/api/v1/digimon/880
880,881,Trailmon Worm,https://digimon-api.com/api/v1/digimon/881
881,882,Solarmon,https://digimon-api.com/api/v1/digimon/882
882,883,Blimpmon,https://digimon-api.com/api/v1/digimon/883
883,884,Gold V-dramon,https://digimon-api.com/api/v1/digimon/884
884,885,Dokunemon,https://digimon-api.com/api/v1/digimon/885
885,886,Jiko Tyumon,https://digimon-api.com/api/v1/digimon/886
886,887,Tonosama Mamemon,https://digimon-api.com/api/v1/digimon/887
887,888,Kokuwamon,https://digimon-api.com/api/v1/digimon/888
888,889,Shawujinmon,https://digimon-api.com/api/v1/digimon/889
889,890,Whamon Perfect,https://digimon-api.com/api/v1/digimon/890
890,891,Ryudamon,https://digimon-api.com/api/v1/digimon/891
891,892,Sangloupmon,https://digimon-api.com/api/v1/digimon/892
892,893,Terriermon Assistant,https://digimon-api.com/api/v1/digimon/893
893,894,Jyureimon (Christmas Tree),https://digimon-api.com/api/v1/digimon/894
894,895,Jumbo Gamemon,https://digimon-api.com/api/v1/digimon/895
895,896,Mirage Gaogamon(Burst Mode),https://digimon-api.com/api/v1/digimon/896
896,897,Huntermon,https://digimon-api.com/api/v1/digimon/897
897,898,Shademon (Nene Ver.),https://digimon-api.com/api/v1/digimon/898
898,899,Falcomon,https://digimon-api.com/api/v1/digimon/899
899,900,Black Tailmon,https://digimon-api.com/api/v1/digimon/900
900,901,Metal Etemon,https://digimon-api.com/api/v1/digimon/901
901,902,Herakle Kabuterimon,https://digimon-api.com/api/v1/digimon/902
902,903,Mastemon,https://digimon-api.com/api/v1/digimon/903
903,904,Victory Greymon,https://digimon-api.com/api/v1/digimon/904
904,905,Baromon,https://digimon-api.com/api/v1/digimon/905
905,906,Jupitermon,https://digimon-api.com/api/v1/digimon/906
906,907,Dorulumon + Starmons,https://digimon-api.com/api/v1/digimon/907
907,908,Black King Numemon,https://digimon-api.com/api/v1/digimon/908
908,909,Metal Greymon(Alterous Mode),https://digimon-api.com/api/v1/digimon/909
909,910,Daipenmon,https://digimon-api.com/api/v1/digimon/910
910,911,Ceresmon,https://digimon-api.com/api/v1/digimon/911
911,912,Arkadimon Super Ultimate,https://digimon-api.com/api/v1/digimon/912
912,913,Spinomon,https://digimon-api.com/api/v1/digimon/913
913,914,Pukumon,https://digimon-api.com/api/v1/digimon/914
914,915,Mega Black Shoutmon X7,https://digimon-api.com/api/v1/digimon/915
915,916,Cherubimon (Virtue),https://digimon-api.com/api/v1/digimon/916
916,917,Jazamon,https://digimon-api.com/api/v1/digimon/917
917,918,Rafflesimon,https://digimon-api.com/api/v1/digimon/918
918,919,Metal Seadramon,https://digimon-api.com/api/v1/digimon/919
919,920,Dark Knightmon (Duskmon),https://digimon-api.com/api/v1/digimon/920
920,921,Gundramon,https://digimon-api.com/api/v1/digimon/921
921,922,Dot Kudamon,https://digimon-api.com/api/v1/digimon/922
922,923,Filmon,https://digimon-api.com/api/v1/digimon/923
923,924,Moosemon,https://digimon-api.com/api/v1/digimon/924
924,925,Metal Greymon (2010 Anime Version),https://digimon-api.com/api/v1/digimon/925
925,926,Owlmon,https://digimon-api.com/api/v1/digimon/926
926,927,Omegamon Zwart Defeat,https://digimon-api.com/api/v1/digimon/927
927,928,Meicoomon's Unnamed Baby Form,https://digimon-api.com/api/v1/digimon/928
928,929,Rebellimon,https://digimon-api.com/api/v1/digimon/929
929,930,Gladimon,https://digimon-api.com/api/v1/digimon/930
930,931,Petaldramon,https://digimon-api.com/api/v1/digimon/931
931,932,Hyougamon,https://digimon-api.com/api/v1/digimon/932
932,933,Gigimon,https://digimon-api.com/api/v1/digimon/933
933,934,Bokomon,https://digimon-api.com/api/v1/digimon/934
934,935,Togemon,https://digimon-api.com/api/v1/digimon/935
935,936,Mega Seadramon,https://digimon-api.com/api/v1/digimon/936
936,937,Tempomon,https://digimon-api.com/api/v1/digimon/937
937,938,Gesomon (X-Antibody),https://digimon-api.com/api/v1/digimon/938
938,939,Murmukusmon,https://digimon-api.com/api/v1/digimon/939
939,940,Zenimon,https://digimon-api.com/api/v1/digimon/940
940,941,Justimon (X-Antibody),https://digimon-api.com/api/v1/digimon/941
941,942,Nise Agumon Hakase,https://digimon-api.com/api/v1/digimon/942
942,943,Vritramon,https://digimon-api.com/api/v1/digimon/943
943,944,Popomon,https://digimon-api.com/api/v1/digimon/944
944,945,Skull Knightmon(Big Axe Mode),https://digimon-api.com/api/v1/digimon/945
945,946,Garurumon,https://digimon-api.com/api/v1/digimon/946
946,947,Mad Leomon,https://digimon-api.com/api/v1/digimon/947
947,948,Puttimon,https://digimon-api.com/api/v1/digimon/948
948,949,Geremon,https://digimon-api.com/api/v1/digimon/949
949,950,Zurumon,https://digimon-api.com/api/v1/digimon/950
950,951,Commandramon,https://digimon-api.com/api/v1/digimon/951
951,952,Death-X-DORUgoramon,https://digimon-api.com/api/v1/digimon/952
952,953,Grand Locomon,https://digimon-api.com/api/v1/digimon/953
953,954,Vademon,https://digimon-api.com/api/v1/digimon/954
954,955,Curimon,https://digimon-api.com/api/v1/digimon/955
955,956,Igamon,https://digimon-api.com/api/v1/digimon/956
956,957,Lord Knightmon (X-Antibody),https://digimon-api.com/api/v1/digimon/957
957,958,Xros Up Mervamon (Beelzebumon),https://digimon-api.com/api/v1/digimon/958
958,959,Zubamon,https://digimon-api.com/api/v1/digimon/959
959,960,Dorbickmon Darkness Mode (Dragon Army),https://digimon-api.com/api/v1/digimon/960
960,961,Atamadekachimon,https://digimon-api.com/api/v1/digimon/961
961,962,Chocomon,https://digimon-api.com/api/v1/digimon/962
962,963,Grimmon,https://digimon-api.com/api/v1/digimon/963
963,964,Mega Decker Greymon,https://digimon-api.com/api/v1/digimon/964
964,965,Eyesmon(Scatter Mode),https://digimon-api.com/api/v1/digimon/965
965,966,Sistermon Ciel (Awaken),https://digimon-api.com/api/v1/digimon/966
966,967,Rize Greymon,https://digimon-api.com/api/v1/digimon/967
967,968,Sparrowmon AB,https://digimon-api.com/api/v1/digimon/968
968,969,Ikkakumon,https://digimon-api.com/api/v1/digimon/969
969,970,Renamon,https://digimon-api.com/api/v1/digimon/970
970,971,Otamamon (Red),https://digimon-api.com/api/v1/digimon/971
971,972,Dot Kamemon,https://digimon-api.com/api/v1/digimon/972
972,973,Shoutmon,https://digimon-api.com/api/v1/digimon/973
973,974,Qinglongmon,https://digimon-api.com/api/v1/digimon/974
974,975,Gaossmon,https://digimon-api.com/api/v1/digimon/975
975,976,Sunmon,https://digimon-api.com/api/v1/digimon/976
976,977,Cutemon,https://digimon-api.com/api/v1/digimon/977
977,978,Mushmon,https://digimon-api.com/api/v1/digimon/978
978,979,Metal Garurumon (Black),https://digimon-api.com/api/v1/digimon/979
979,980,Gazimon,https://digimon-api.com/api/v1/digimon/980
980,981,Revolmon + Dorulu Cannon + Starmons,https://digimon-api.com/api/v1/digimon/981
981,982,Zassoumon,https://digimon-api.com/api/v1/digimon/982
982,983,Betamon (X-Antibody),https://digimon-api.com/api/v1/digimon/983
983,984,Abbadomon,https://digimon-api.com/api/v1/digimon/984
984,985,Sistermon Noir,https://digimon-api.com/api/v1/digimon/985
985,986,Nidhoggmon,https://digimon-api.com/api/v1/digimon/986
986,987,Omegamon Zwart,https://digimon-api.com/api/v1/digimon/987
987,988,Holydramon,https://digimon-api.com/api/v1/digimon/988
988,989,Mirror Ballmon,https://digimon-api.com/api/v1/digimon/989
989,990,Armamon,https://digimon-api.com/api/v1/digimon/990
990,991,Piyomon,https://digimon-api.com/api/v1/digimon/991
991,992,Urashimamon,https://digimon-api.com/api/v1/digimon/992
992,993,Woodmon,https://digimon-api.com/api/v1/digimon/993
993,994,Bishop Chessmon (Black),https://digimon-api.com/api/v1/digimon/994
994,995,Ancient Greymon,https://digimon-api.com/api/v1/digimon/995
995,996,Dorbickmon Darkness Mode (Huanglongmon),https://digimon-api.com/api/v1/digimon/996
996,997,Junomon,https://digimon-api.com/api/v1/digimon/997
997,998,Ogudomon,https://digimon-api.com/api/v1/digimon/998
998,999,Culumon,https://digimon-api.com/api/v1/digimon/999
