,Actividad
0,Todas las actividades
1,ALQUILER DE INSTRUMENTOS MUSICALES
2,"ALQUILER DE MESAS, SILLAS, VAJILLAS Y SIMILARES"
3,ALQUILER DE OTROS ARTÍCULOS PARA EL HOGAR Y PERSONALES
4,ALQUILER DE PRENDAS DE VESTIR
5,ALQUILER DE VIDEOCASETES Y DISCOS
6,ARRENDADORAS FINANCIERAS
7,Acabado de productos textiles
8,Actividades administrativas de instituciones de bienestar social
9,Actividades agrícolas combinadas con aprovechamiento forestal
10,Actividades agrícolas combinadas con explotación de animales
11,Actividades agrícolas combinadas con explotación de animales y aprovechamiento forestal
12,Actividades de seguridad nacional
13,Acuñación e impresión de monedas
14,Administración de aeropuertos y helipuertos
15,Administración de cementerios pertenecientes al sector privado
16,Administración de cementerios pertenecientes al sector público
17,Administración de fondos para el retiro
18,Administración de puertos y muelles
19,Administración pública en general
20,Agencias de anuncios publicitarios
21,Agencias de cobranza
22,Agencias de colocación
23,Agencias de compra de medios a petición del cliente
24,Agencias de correo directo
25,Agencias de empleo temporal
26,Agencias de publicidad
27,Agencias de relaciones públicas
28,Agencias de representación de medios
29,Agencias de viajes
30,Agencias noticiosas
31,"Agentes y representantes de artistas, deportistas y similares"
32,"Agentes, ajustadores y gestores de seguros y fianzas"
33,Agrupaciones de autoayuda para alcohólicos y personas con otras adicciones
34,Alineación y balanceo de automóviles y camiones
35,Almacenamiento con refrigeración
36,Almacenamiento de productos agrícolas que no requieren refrigeración
37,Almacenes generales de depósito
38,Alquiler de aparatos eléctricos y electrónicos para el hogar y personales
39,Alquiler de autobuses con chofer
40,"Alquiler de autobuses, minibuses y remolques sin chofer"
41,Alquiler de automóviles con chofer
42,Alquiler de automóviles sin chofer
43,Alquiler de camiones de carga sin chofer
44,Alquiler de equipo de cómputo y de otras máquinas y mobiliario de oficina
45,"Alquiler de equipo de transporte, excepto terrestre"
46,"Alquiler de maquinaria y equipo agropecuario, pesquero y para la industria manufacturera"
47,Alquiler de maquinaria y equipo comercial y de servicios
48,"Alquiler de maquinaria y equipo para construcción, minería y actividades forestales"
49,"Alquiler de maquinaria y equipo para mover, levantar y acomodar materiales"
50,"Alquiler de mesas, sillas, vajillas y similares"
51,Alquiler de otros artículos para el hogar y personales
52,Alquiler de prendas de vestir
53,Alquiler sin intermediación de edificios industriales dentro de un parque industrial
54,Alquiler sin intermediación de oficinas y locales comerciales
55,Alquiler sin intermediación de otros bienes raíces
56,Alquiler sin intermediación de salones para fiestas y convenciones
57,"Alquiler sin intermediación de teatros, estadios, auditorios y similares"
58,Alquiler sin intermediación de viviendas amuebladas
59,Alquiler sin intermediación de viviendas no amuebladas
60,Apicultura
61,"Artistas, escritores y técnicos independientes"
62,Aserraderos integrados
63,Aserrado de tablas y tablones
64,Asesoría en inversiones
65,Asilos y otras residencias del sector privado para el cuidado de ancianos
66,Asilos y otras residencias del sector público para el cuidado de ancianos
67,Asociaciones regulatorias de actividades recreativas
68,Asociaciones y organizaciones civiles
69,Asociaciones y organizaciones de profesionistas
70,Asociaciones y organizaciones laborales y sindicales
71,Asociaciones y organizaciones políticas
72,Asociaciones y organizaciones religiosas
73,"Asociaciones, organizaciones y cámaras de productores, comerciantes y prestadores de servicios"
74,Autotransporte foráneo con refrigeración
75,Autotransporte foráneo de madera
76,Autotransporte foráneo de materiales para la construcción
77,Autotransporte foráneo de materiales y residuos peligrosos
78,Autotransporte foráneo de productos agrícolas sin refrigeración
79,Autotransporte local con refrigeración
80,Autotransporte local de madera
81,Autotransporte local de materiales para la construcción
82,Autotransporte local de materiales y residuos peligrosos
83,Autotransporte local de productos agrícolas sin refrigeración
84,Banca central
85,Banca de desarrollo
86,Banca múltiple
87,"Bares, cantinas y similares"
88,Baños públicos
89,Beneficio de productos agrícolas
90,Beneficio del arroz
91,Beneficio del café
92,Beneficio del tabaco
93,Bibliotecas y archivos del sector privado
94,Bibliotecas y archivos del sector público
95,Billares
96,Boliches
97,Bolsa de valores
98,Bufetes jurídicos
99,COMPAÑÍAS DE FACTORAJE FINANCIERO
100,"Cabañas, villas y similares"
101,"Cafeterías, fuentes de sodas, neverías, refresquerías y similares"
102,Cajas de ahorro popular
103,Camaronicultura
104,Campamentos y albergues recreativos
105,Campos de golf
106,Cantantes y grupos musicales del sector privado
107,"Captación, tratamiento y suministro de agua realizados por el sector privado"
108,"Captación, tratamiento y suministro de agua realizados por el sector público"
109,Casas de bolsa
110,Casas de cambio
111,Casas de empeño
112,Casas de juegos electrónicos
113,Casinos
114,Caza y captura
115,Centros cambiarios
116,Centros de acondicionamiento físico del sector privado
117,Centros de acondicionamiento físico del sector público
118,Centros de planificación familiar del sector privado
119,Centros de planificación familiar del sector público
120,Centros del sector privado de atención médica externa para enfermos mentales y adictos
121,Centros del sector privado dedicados a la atención y cuidado diurno de ancianos y personas con discapacidad
122,Centros del sector público de atención médica externa para enfermos mentales y adictos
123,Centros del sector público dedicados a la atención y cuidado diurno de ancianos y personas con discapacidad
124,Centros generales de alquiler
125,"Centros nocturnos, discotecas y similares"
126,Cerrajerías
127,Clubes deportivos del sector privado
128,Clubes deportivos del sector público
129,Clubes o ligas de aficionados
130,Clínicas de consultorios médicos del sector privado
131,Clínicas de consultorios médicos del sector público
132,Colocación de muros falsos y aislamiento
133,Colocación de pisos cerámicos y azulejos
134,Colocación de pisos flexibles y de madera
135,Comercialización de energía eléctrica
136,Comercio al por mayor de abarrotes
137,Comercio al por mayor de artículos de joyería y relojes
138,Comercio al por mayor de artículos de papelería
139,Comercio al por mayor de artículos de perfumería y cosméticos
140,Comercio al por mayor de artículos desechables
141,Comercio al por mayor de artículos y accesorios para diseño y pintura artística
142,Comercio al por mayor de artículos y aparatos deportivos
143,Comercio al por mayor de bebidas no alcohólicas y hielo
144,Comercio al por mayor de blancos
145,Comercio al por mayor de botanas y frituras
146,Comercio al por mayor de calzado
147,Comercio al por mayor de camiones
148,Comercio al por mayor de carne de aves
149,Comercio al por mayor de carnes rojas
150,"Comercio al por mayor de cemento, tabique y grava"
151,Comercio al por mayor de cerveza
152,"Comercio al por mayor de cigarros, puros y tabaco"
153,Comercio al por mayor de combustibles de uso industrial
154,Comercio al por mayor de conservas alimenticias
155,Comercio al por mayor de cueros y pieles
156,Comercio al por mayor de desechos de papel y de cartón
157,Comercio al por mayor de desechos de plástico
158,Comercio al por mayor de desechos de vidrio
159,Comercio al por mayor de desechos metálicos
160,Comercio al por mayor de discos y casetes
161,Comercio al por mayor de dulces y materias primas para repostería
162,Comercio al por mayor de electrodomésticos menores y aparatos de línea blanca
163,Comercio al por mayor de embutidos
164,"Comercio al por mayor de envases en general, papel y cartón para la industria"
165,"Comercio al por mayor de equipo de telecomunicaciones, fotografía y cinematografía"
166,Comercio al por mayor de equipo y material eléctrico
167,"Comercio al por mayor de fertilizantes, plaguicidas y semillas para siembra"
168,"Comercio al por mayor de fibras, hilos y telas"
169,Comercio al por mayor de frutas y verduras frescas
170,Comercio al por mayor de ganado y aves en pie
171,Comercio al por mayor de huevo
172,Comercio al por mayor de juguetes y bicicletas
173,Comercio al por mayor de leche y otros productos lácteos
174,Comercio al por mayor de libros
175,Comercio al por mayor de madera para la construcción y la industria
176,"Comercio al por mayor de maquinaria y equipo agropecuario, forestal y para la pesca"
177,Comercio al por mayor de maquinaria y equipo para la construcción y la minería
178,Comercio al por mayor de maquinaria y equipo para la industria manufacturera
179,Comercio al por mayor de maquinaria y equipo para otros servicios y para actividades comerciales
180,Comercio al por mayor de materiales metálicos para la construcción y la manufactura
181,"Comercio al por mayor de medicamentos veterinarios y alimentos para animales, excepto mascotas"
182,Comercio al por mayor de miel
183,Comercio al por mayor de mobiliario y equipo de oficina
184,"Comercio al por mayor de mobiliario, equipo e instrumental médico y de laboratorio"
185,"Comercio al por mayor de mobiliario, equipo, y accesorios de cómputo"
186,Comercio al por mayor de otra maquinaria y equipo de uso general
187,Comercio al por mayor de otras materias primas para otras industrias
188,Comercio al por mayor de otros alimentos
189,Comercio al por mayor de otros materiales de desecho
190,"Comercio al por mayor de otros materiales para la construcción, excepto de madera y metálicos"
191,Comercio al por mayor de otros productos textiles
192,Comercio al por mayor de pan y pasteles
193,"Comercio al por mayor de partes y refacciones nuevas para automóviles, camionetas y camiones"
194,Comercio al por mayor de pescados y mariscos
195,Comercio al por mayor de pintura
196,Comercio al por mayor de productos farmacéuticos
197,Comercio al por mayor de productos químicos para la industria farmacéutica y para otro uso industrial
198,Comercio al por mayor de revistas y periódicos
199,"Comercio al por mayor de ropa, bisutería y accesorios de vestir"
200,"Comercio al por mayor de semillas y granos alimenticios, especias y chiles secos"
201,Comercio al por mayor de vidrios y espejos
202,Comercio al por mayor de vinos y licores
203,"Comercio al por menor de aceites y grasas lubricantes, aditivos y similares para vehículos de motor"
204,"Comercio al por menor de alfombras, cortinas, tapices y similares"
205,Comercio al por menor de antigüedades y obras de arte
206,Comercio al por menor de artículos de joyería y relojes
207,Comercio al por menor de artículos de mercería y bonetería
208,Comercio al por menor de artículos de papelería
209,Comercio al por menor de artículos de perfumería y cosméticos
210,Comercio al por menor de artículos desechables
211,Comercio al por menor de artículos ortopédicos
212,Comercio al por menor de artículos para albercas y otros artículos
213,Comercio al por menor de artículos para la limpieza
214,Comercio al por menor de artículos religiosos
215,Comercio al por menor de artículos usados
216,Comercio al por menor de artículos y aparatos deportivos
217,Comercio al por menor de automóviles y camionetas nuevos
218,Comercio al por menor de automóviles y camionetas usados
219,Comercio al por menor de bebidas no alcohólicas y hielo
220,Comercio al por menor de bicicletas y triciclos
221,Comercio al por menor de bisutería y accesorios de vestir
222,Comercio al por menor de blancos
223,Comercio al por menor de calzado
224,Comercio al por menor de carne de aves
225,Comercio al por menor de carnes rojas
226,Comercio al por menor de cerveza
227,"Comercio al por menor de cigarros, puros y tabaco"
228,"Comercio al por menor de cristalería, loza y utensilios de cocina"
229,Comercio al por menor de discos y casetes
230,"Comercio al por menor de disfraces, vestimenta regional y vestidos de novia"
231,Comercio al por menor de dulces y materias primas para repostería
232,Comercio al por menor de electrodomésticos menores y aparatos de línea blanca
233,Comercio al por menor de equipo y material fotográfico
234,Comercio al por menor de frutas y verduras frescas
235,Comercio al por menor de gas L.P. en cilindros y para tanques estacionarios
236,Comercio al por menor de gas L.P. en estaciones de carburación
237,Comercio al por menor de gasolina y diésel
238,Comercio al por menor de instrumentos musicales
239,Comercio al por menor de juguetes
240,"Comercio al por menor de leche, otros productos lácteos y embutidos"
241,Comercio al por menor de lencería
242,Comercio al por menor de lentes
243,Comercio al por menor de libros
244,"Comercio al por menor de llantas y cámaras para automóviles, camionetas y camiones"
245,Comercio al por menor de lámparas ornamentales y candiles
246,Comercio al por menor de mascotas
247,Comercio al por menor de materiales para la construcción en tiendas de autoservicio especializadas
248,"Comercio al por menor de mobiliario, equipo y accesorios de cómputo"
249,Comercio al por menor de motocicletas
250,Comercio al por menor de muebles para el hogar
251,Comercio al por menor de muebles para jardín
252,Comercio al por menor de otros alimentos
253,Comercio al por menor de otros artículos de uso personal
254,Comercio al por menor de otros artículos para la decoración de interiores
255,Comercio al por menor de otros combustibles
256,Comercio al por menor de otros vehículos de motor
257,Comercio al por menor de paletas de hielo y helados
258,"Comercio al por menor de partes y refacciones nuevas para automóviles, camionetas y camiones"
259,"Comercio al por menor de partes y refacciones usadas para automóviles, camionetas y camiones"
260,Comercio al por menor de pañales desechables
261,Comercio al por menor de pescados y mariscos
262,Comercio al por menor de pintura
263,Comercio al por menor de pisos y recubrimientos cerámicos
264,Comercio al por menor de plantas y flores naturales
265,"Comercio al por menor de productos naturistas, medicamentos homeopáticos y de complementos alimenticios"
266,Comercio al por menor de regalos
267,Comercio al por menor de revistas y periódicos
268,Comercio al por menor de ropa de bebé
269,Comercio al por menor de ropa de cuero y piel y de otros artículos de estos materiales
270,"Comercio al por menor de ropa, excepto de bebé y lencería"
271,"Comercio al por menor de semillas y granos alimenticios, especias y chiles secos"
272,Comercio al por menor de sombreros
273,Comercio al por menor de telas
274,Comercio al por menor de teléfonos y otros aparatos de comunicación
275,Comercio al por menor de vidrios y espejos
276,Comercio al por menor de vinos y licores
277,Comercio al por menor en estaciones de gas natural vehicular
278,Comercio al por menor en ferreterías y tlapalerías
279,Comercio al por menor en minisupers
280,Comercio al por menor en supermercados
281,"Comercio al por menor en tiendas de abarrotes, ultramarinos y misceláneas"
282,Comercio al por menor en tiendas de artesanías
283,Comercio al por menor en tiendas departamentales
284,"Comercio al por menor exclusivamente a través de internet, y catálogos impresos, televisión y similares"
285,Compañías afianzadoras
286,Compañías de autofinanciamiento
287,Compañías de danza del sector privado
288,Compañías de danza del sector público
289,Compañías de seguros
290,Compañías de teatro del sector privado
291,Compañías de teatro del sector público
292,Complejos siderúrgicos
293,"Confección de cortinas, blancos y similares"
294,Confección de costales
295,Confección de otros accesorios y prendas de vestir no clasificados en otra parte
296,"Confección de prendas de vestir de cuero, piel y materiales sucedáneos"
297,Confección de prendas de vestir sobre medida
298,Confección de productos de textiles recubiertos y de materiales sucedáneos
299,Confección de sombreros y gorras
300,Confección en serie de camisas
301,Confección en serie de disfraces y trajes típicos
302,Confección en serie de otra ropa exterior de materiales textiles
303,Confección en serie de ropa interior y de dormir
304,Confección en serie de uniformes
305,"Confección, bordado y deshilado de productos textiles"
306,Congelación de frutas y verduras
307,Congelación de guisos y otros alimentos preparados
308,Conservación de frutas y verduras por procesos distintos a la congelación y la deshidratación
309,Conservación de guisos y otros alimentos preparados por procesos distintos a la congelación
310,"Construcción de carreteras, puentes y similares"
311,Construcción de obras de generación y conducción de energía eléctrica
312,Construcción de obras de urbanización
313,"Construcción de obras marítimas, fluviales y subacuáticas"
314,"Construcción de obras para el tratamiento, distribución y suministro de agua y drenaje"
315,Construcción de obras para telecomunicaciones
316,Construcción de obras para transporte eléctrico y ferroviario
317,Construcción de plantas de refinería y petroquímica
318,Construcción de presas y represas
319,Construcción de sistemas de distribución de petróleo y gas
320,Construcción de sistemas de riego agrícola
321,Consultorios de medicina especializada del sector privado
322,Consultorios de medicina especializada del sector público
323,Consultorios de medicina general del sector privado
324,Consultorios de medicina general del sector público
325,Consultorios de nutriólogos y dietistas del sector privado
326,Consultorios de nutriólogos y dietistas del sector público
327,Consultorios de optometría
328,Consultorios de psicología del sector privado
329,Consultorios de psicología del sector público
330,Consultorios de quiropráctica del sector privado
331,Consultorios de quiropráctica del sector público
332,"Consultorios del sector privado de audiología y de terapia ocupacional, física y del lenguaje"
333,"Consultorios del sector público de audiología y de terapia ocupacional, física y del lenguaje"
334,Consultorios dentales del sector privado
335,Consultorios dentales del sector público
336,Corporativos
337,"Corte y empacado de carne de ganado, aves y otros animales comestibles"
338,Cultivo anual de otras semillas oleaginosas
339,Cultivo de agaves alcoholeros
340,Cultivo de aguacate
341,Cultivo de alfalfa
342,Cultivo de algodón
343,Cultivo de arroz
344,Cultivo de avena forrajera
345,Cultivo de avena grano
346,"Cultivo de bayas (berries) en invernaderos y otras estructuras agrícolas protegidas, excepto fresas"
347,Cultivo de cacahuate
348,Cultivo de cacao
349,Cultivo de café
350,Cultivo de calabaza
351,Cultivo de caña de azúcar
352,Cultivo de cebada grano
353,Cultivo de cebolla
354,Cultivo de chile
355,Cultivo de chile en invernaderos y otras estructuras agrícolas protegidas
356,Cultivo de coco
357,Cultivo de cártamo
358,Cultivo de fresa en invernaderos y otras estructuras agrícolas protegidas
359,Cultivo de frijol grano
360,Cultivo de garbanzo grano
361,Cultivo de girasol
362,Cultivo de jitomate en invernaderos y otras estructuras agrícolas protegidas
363,Cultivo de jitomate o tomate rojo
364,Cultivo de limón
365,Cultivo de mango
366,Cultivo de manzana
367,Cultivo de manzana en invernaderos y otras estructuras agrícolas protegidas
368,Cultivo de maíz forrajero
369,Cultivo de maíz grano
370,Cultivo de melón
371,Cultivo de naranja
372,Cultivo de otras hortalizas
373,Cultivo de otras leguminosas
374,Cultivo de otros cereales
375,Cultivo de otros cítricos
376,Cultivo de otros frutales no cítricos y de nueces
377,Cultivo de otros productos alimenticios en invernaderos y otras estructuras agrícolas protegidas
378,Cultivo de papa
379,Cultivo de pastos
380,Cultivo de pepino en invernaderos y otras estructuras agrícolas protegidas
381,Cultivo de plátano
382,Cultivo de sandía
383,Cultivo de sorgo forrajero
384,Cultivo de sorgo grano
385,Cultivo de soya
386,Cultivo de tabaco
387,Cultivo de tomate verde
388,Cultivo de trigo
389,Cultivo de uva
390,Cultivo de árboles de ciclo productivo de 10 años o menos
391,Cunicultura y explotación de animales con pelaje fino
392,Curtido y acabado de cuero y piel
393,Departamentos y casas amueblados con servicios de hotelería
394,Deportistas profesionales
395,Deshidratación de frutas y verduras
396,Despachos de investigación de solvencia financiera
397,Despepite de algodón
398,Diseño de modas y otros diseños especializados
399,Diseño gráfico
400,Diseño industrial
401,Diseño y decoración de interiores
402,Distribución de energía eléctrica
403,Distribución de material publicitario
404,Distribución de películas y de otros materiales audiovisuales
405,División de terrenos
406,Edición de directorios y de listas de correo
407,Edición de directorios y de listas de correo integrada con la impresión
408,Edición de libros
409,Edición de libros integrada con la impresión
410,Edición de otros materiales
411,Edición de otros materiales integrada con la impresión
412,Edición de periódicos
413,Edición de periódicos integrada con la impresión
414,Edición de revistas y otras publicaciones periódicas
415,Edición de revistas y otras publicaciones periódicas integrada con la impresión
416,Edición de software y edición de software integrada con la reproducción
417,Edición y difusión de contenido exclusivamente a través de internet y servicios de búsqueda en la red
418,"Edificación de inmuebles comerciales y de servicios, excepto la supervisión"
419,"Edificación de naves y plantas industriales, excepto la supervisión"
420,Edificación de vivienda multifamiliar
421,Edificación de vivienda unifamiliar
422,Editoras de música
423,Elaboración de aceites y grasas vegetales comestibles
424,Elaboración de alimentos frescos para consumo inmediato
425,Elaboración de alimentos para animales
426,Elaboración de azúcar de caña
427,Elaboración de bebidas alcohólicas a base de uva
428,Elaboración de bebidas destiladas de agave
429,Elaboración de botanas
430,Elaboración de café instantáneo
431,Elaboración de café tostado y molido
432,Elaboración de cereales para el desayuno
433,Elaboración de cerveza
434,Elaboración de chocolate y productos de chocolate
435,Elaboración de cigarros
436,"Elaboración de concentrados, polvos, jarabes y esencias de sabor para bebidas"
437,Elaboración de condimentos y aderezos
438,Elaboración de derivados y fermentos lácteos
439,"Elaboración de dulces, chicles y productos de confitería que no sean de chocolate"
440,Elaboración de féculas y otros almidones y sus derivados
441,Elaboración de galletas y pastas para sopa
442,Elaboración de gelatinas y otros postres en polvo
443,Elaboración de harina de maíz
444,Elaboración de harina de otros productos agrícolas
445,Elaboración de harina de trigo
446,Elaboración de helados y paletas
447,Elaboración de hielo
448,"Elaboración de leche en polvo, condensada y evaporada"
449,Elaboración de leche líquida
450,Elaboración de levadura
451,Elaboración de malta
452,Elaboración de manteca y otras grasas animales comestibles
453,Elaboración de otras bebidas destiladas
454,Elaboración de otros alimentos
455,Elaboración de otros azúcares
456,Elaboración de pulque
457,Elaboración de puros y otros productos de tabaco
458,Elaboración de refrescos y otras bebidas no alcohólicas
459,Elaboración de ron y otras bebidas destiladas de caña
460,Elaboración de sidra y otras bebidas fermentadas
461,Elaboración de tortillas de harina de trigo de forma tradicional
462,Elaboración de tortillas de maíz y molienda de nixtamal
463,Equipos deportivos profesionales
464,Escuelas comerciales y secretariales del sector privado
465,Escuelas comerciales y secretariales del sector público
466,Escuelas de arte del sector privado
467,Escuelas de arte del sector público
468,Escuelas de computación del sector privado
469,Escuelas de computación del sector público
470,Escuelas de deporte del sector privado
471,Escuelas de deporte del sector público
472,Escuelas de educación media superior del sector privado
473,Escuelas de educación media superior del sector público
474,Escuelas de educación media técnica terminal del sector privado
475,Escuelas de educación media técnica terminal del sector público
476,Escuelas de educación preescolar del sector privado
477,Escuelas de educación preescolar del sector público
478,Escuelas de educación primaria del sector privado
479,Escuelas de educación primaria del sector público
480,Escuelas de educación secundaria general del sector privado
481,Escuelas de educación secundaria general del sector público
482,Escuelas de educación secundaria técnica del sector privado
483,Escuelas de educación secundaria técnica del sector público
484,Escuelas de educación superior del sector privado
485,Escuelas de educación superior del sector público
486,Escuelas de educación técnica superior del sector privado
487,Escuelas de educación técnica superior del sector público
488,Escuelas de idiomas del sector privado
489,Escuelas de idiomas del sector público
490,Escuelas del sector privado de educación para necesidades especiales
491,Escuelas del sector privado dedicadas a la enseñanza de oficios
492,Escuelas del sector privado que combinan diversos niveles de educación
493,Escuelas del sector público de educación para necesidades especiales
494,Escuelas del sector público dedicadas a la enseñanza de oficios
495,Escuelas del sector público que combinan diversos niveles de educación
496,Escuelas para la capacitación de ejecutivos del sector privado
497,Escuelas para la capacitación de ejecutivos del sector público
498,Estacionamientos y pensiones para vehículos automotores
499,Exhibición de películas y otros materiales audiovisuales
500,Explotación de animales combinada con aprovechamiento forestal
501,Explotación de bovinos para la producción conjunta de leche y carne
502,Explotación de bovinos para la producción de carne
503,Explotación de bovinos para la producción de leche
504,Explotación de bovinos para otros propósitos
505,Explotación de caprinos
506,Explotación de gallinas para la producción de huevo fértil
507,Explotación de gallinas para la producción de huevo para plato
508,Explotación de guajolotes o pavos
509,Explotación de otras aves para producción de carne y huevo
510,Explotación de otros animales
511,Explotación de ovinos
512,Explotación de pollos para la producción de carne
513,Explotación de porcinos en granja
514,Explotación de porcinos en traspatio
515,Explotación de équidos
516,Extracción de gas natural no asociado
517,Extracción de petróleo y gas natural asociado
518,Fabricación de aceites y grasas lubricantes
519,Fabricación de acumuladores y pilas
520,Fabricación de adhesivos
521,"Fabricación de alambre, productos de alambre y resortes"
522,Fabricación de alfombras y tapetes
523,Fabricación de anuncios y señalamientos
524,Fabricación de aparatos de línea blanca
525,Fabricación de aparatos e instrumentos para pesar
526,Fabricación de aparatos fotográficos
527,"Fabricación de artículos de alfarería, porcelana y loza"
528,Fabricación de artículos de vidrio de uso doméstico
529,Fabricación de artículos de vidrio de uso industrial y comercial
530,Fabricación de artículos deportivos
531,Fabricación de artículos oftálmicos
532,"Fabricación de artículos y accesorios para escritura, pintura, dibujo y actividades de oficina"
533,Fabricación de artículos y utensilios de madera para el hogar
534,Fabricación de asientos y accesorios interiores para vehículos automotores
535,Fabricación de ataúdes
536,Fabricación de automóviles y camionetas
537,Fabricación de autopartes de plástico con y sin reforzamiento
538,Fabricación de azulejos y losetas no refractarias
539,Fabricación de baleros y rodamientos
540,Fabricación de bandas y mangueras de hule y de plástico
541,Fabricación de banderas y otros productos textiles no clasificados en otra parte
542,Fabricación de bicicletas y triciclos
543,Fabricación de bolsas de papel y productos celulósicos recubiertos y tratados
544,Fabricación de bolsas y películas de plástico flexible
545,"Fabricación de bolsos de mano, maletas y similares"
546,Fabricación de bombas y sistemas de bombeo
547,Fabricación de botellas de plástico
548,Fabricación de cables de conducción eléctrica
549,Fabricación de cal
550,Fabricación de calcetines y medias de tejido de punto
551,Fabricación de calderas industriales
552,Fabricación de calzado con corte de piel y cuero
553,Fabricación de calzado con corte de tela
554,Fabricación de calzado de hule
555,Fabricación de calzado de plástico
556,Fabricación de camiones y tractocamiones
557,Fabricación de carrocerías y remolques
558,Fabricación de cartón en plantas integradas
559,Fabricación de cartón y cartoncillo a partir de pulpa
560,Fabricación de cemento y productos a base de cemento en plantas integradas
561,Fabricación de cerillos
562,"Fabricación de cierres, botones y agujas"
563,Fabricación de cocinas integrales y muebles modulares de baño
564,Fabricación de colchones
565,Fabricación de componentes electrónicos
566,Fabricación de computadoras y equipo periférico
567,Fabricación de concreto
568,Fabricación de coque y otros productos derivados del petróleo refinado y del carbón mineral
569,"Fabricación de cosméticos, perfumes y otras preparaciones de tocador"
570,Fabricación de desbastes primarios y ferroaleaciones
571,Fabricación de embarcaciones
572,"Fabricación de enchufes, contactos, fusibles y otros accesorios para instalaciones eléctricas"
573,Fabricación de enseres electrodomésticos menores
574,Fabricación de envases de cartón
575,Fabricación de envases metálicos de calibre ligero
576,Fabricación de envases y ampolletas de vidrio
577,Fabricación de envases y contenedores de plástico para embalaje con y sin reforzamiento
578,Fabricación de equipo aeroespacial
579,Fabricación de equipo de aire acondicionado y calefacción
580,Fabricación de equipo de audio y de video
581,Fabricación de equipo de refrigeración industrial y comercial
582,"Fabricación de equipo de transmisión y recepción de señales de radio y televisión, y equipo de comunicación inalámbrico"
583,Fabricación de equipo eléctrico y electrónico y sus partes para vehículos automotores
584,Fabricación de equipo ferroviario
585,"Fabricación de equipo no electrónico para uso médico, dental y para laboratorio"
586,Fabricación de equipo para soldar y soldaduras
587,Fabricación de equipo telefónico
588,Fabricación de equipo y aparatos de distribución de energía eléctrica
589,"Fabricación de escobas, cepillos y similares"
590,Fabricación de espejos
591,Fabricación de espumas y productos de poliestireno
592,Fabricación de espumas y productos de uretano
593,Fabricación de estructuras metálicas
594,Fabricación de explosivos
595,Fabricación de fertilizantes
596,Fabricación de fibra de vidrio
597,Fabricación de fibras químicas
598,Fabricación de focos
599,Fabricación de gases industriales
600,Fabricación de herrajes y cerraduras
601,Fabricación de herramientas de mano metálicas sin motor
602,Fabricación de hilos para coser y bordar
603,Fabricación de huaraches y calzado de otro tipo de materiales
604,Fabricación de hules sintéticos
605,Fabricación de instrumentos musicales
606,"Fabricación de jabones, limpiadores y dentífricos"
607,Fabricación de juguetes
608,Fabricación de ladrillos no refractarios
609,Fabricación de laminados de plástico rígido
610,Fabricación de laminados y aglutinados de madera
611,Fabricación de llantas y cámaras
612,Fabricación de lámparas ornamentales
613,Fabricación de maquinaria y equipo agrícola
614,Fabricación de maquinaria y equipo para envasar y empacar
615,Fabricación de maquinaria y equipo para la construcción
616,Fabricación de maquinaria y equipo para la industria alimentaria y de las bebidas
617,Fabricación de maquinaria y equipo para la industria de la impresión
618,Fabricación de maquinaria y equipo para la industria de la madera
619,Fabricación de maquinaria y equipo para la industria del hule y del plástico
620,Fabricación de maquinaria y equipo para la industria del vidrio y otros minerales no metálicos
621,Fabricación de maquinaria y equipo para la industria extractiva
622,Fabricación de maquinaria y equipo para la industria metalmecánica
623,Fabricación de maquinaria y equipo para la industria textil
624,Fabricación de maquinaria y equipo para levantar y trasladar
625,Fabricación de maquinaria y equipo para otras industrias manufactureras
626,Fabricación de maquinaria y equipo pecuario
627,Fabricación de material desechable de uso médico
628,Fabricación de materias primas para la industria farmacéutica
629,Fabricación de motocicletas
630,"Fabricación de motores de combustión interna, turbinas y transmisiones"
631,Fabricación de motores y generadores eléctricos
632,Fabricación de motores y sus partes para vehículos automotrices
633,Fabricación de muebles de baño
634,Fabricación de muebles de oficina y estantería
635,"Fabricación de muebles, excepto cocinas integrales, muebles modulares de baño y muebles de oficina y estantería"
636,Fabricación de máquinas fotocopiadoras
637,Fabricación de otra maquinaria y equipo para el comercio y los servicios
638,Fabricación de otra maquinaria y equipo para la industria en general
639,Fabricación de otras partes para vehículos automotrices
640,Fabricación de otro equipo de transporte
641,Fabricación de otros equipos de comunicación
642,"Fabricación de otros instrumentos de medición, control, navegación, y equipo médico electrónico"
643,Fabricación de otros productos a base de minerales no metálicos
644,Fabricación de otros productos de cartón y papel
645,Fabricación de otros productos de cemento y concreto
646,"Fabricación de otros productos de cuero, piel y materiales sucedáneos"
647,Fabricación de otros productos de hierro y acero
648,Fabricación de otros productos de hule
649,Fabricación de otros productos de madera
650,Fabricación de otros productos de plástico con reforzamiento
651,Fabricación de otros productos de plástico de uso industrial sin reforzamiento
652,Fabricación de otros productos de plástico sin reforzamiento
653,Fabricación de otros productos de vidrio
654,Fabricación de otros productos eléctricos
655,Fabricación de otros productos metálicos
656,Fabricación de otros productos químicos
657,Fabricación de otros productos químicos básicos inorgánicos
658,Fabricación de otros productos químicos básicos orgánicos
659,Fabricación de papel a partir de pulpa
660,Fabricación de papel en plantas integradas
661,Fabricación de partes de sistemas de dirección y de suspensión para vehículos automotrices
662,Fabricación de partes de sistemas de frenos para vehículos automotrices
663,Fabricación de partes de sistemas de transmisión para vehículos automotores
664,Fabricación de pañales desechables y productos sanitarios
665,"Fabricación de películas, placas y papel fotosensible para fotografía"
666,Fabricación de persianas y cortineros
667,"Fabricación de pesticidas y otros agroquímicos, excepto fertilizantes"
668,Fabricación de petroquímicos básicos del gas natural y del petróleo refinado
669,Fabricación de piezas metálicas troqueladas para vehículos automotrices
670,Fabricación de pigmentos y colorantes sintéticos
671,Fabricación de pinturas y recubrimientos
672,Fabricación de preparaciones farmacéuticas
673,Fabricación de productos a base de piedras de cantera
674,Fabricación de productos abrasivos
675,Fabricación de productos de asfalto
676,Fabricación de productos de herrería
677,Fabricación de productos de madera de uso industrial
678,Fabricación de productos de madera para la construcción
679,"Fabricación de productos de materiales trenzables, excepto palma"
680,Fabricación de productos de papelería
681,Fabricación de productos de plástico para el hogar con y sin reforzamiento
682,Fabricación de productos eléctricos de carbón y grafito
683,Fabricación de productos metálicos forjados y troquelados
684,Fabricación de productos para embalaje y envases de madera
685,Fabricación de productos preesforzados de concreto
686,Fabricación de productos refractarios
687,Fabricación de productos textiles reciclados
688,Fabricación de pulpa
689,Fabricación de redes y otros productos de cordelería
690,Fabricación de relojes
691,Fabricación de resinas de plásticos reciclados
692,Fabricación de resinas sintéticas
693,Fabricación de ropa exterior de tejido de punto
694,Fabricación de ropa interior de tejido de punto
695,Fabricación de tanques metálicos de calibre grueso
696,Fabricación de telas anchas de tejido de trama
697,Fabricación de telas angostas de tejido de trama y pasamanería
698,Fabricación de telas de tejido de punto
699,Fabricación de telas no tejidas (comprimidas)
700,Fabricación de telas recubiertas
701,Fabricación de tintas para impresión
702,"Fabricación de tornillos, tuercas, remaches y similares"
703,"Fabricación de tubería y conexiones, y tubos para embalaje"
704,Fabricación de tubos y bloques de cemento y concreto
705,Fabricación de tubos y postes de hierro y acero
706,Fabricación de utensilios de cocina metálicos
707,Fabricación de velas y veladoras
708,Fabricación de vidrio
709,Fabricación de válvulas metálicas
710,Fabricación de yeso y productos de yeso
711,Fabricación y reproducción de medios magnéticos y ópticos
712,Farmacias con minisúper
713,Farmacias sin minisúper
714,Floricultura a cielo abierto
715,Floricultura en invernaderos y otras estructuras agrícolas protegidas
716,Fondos de aseguramiento campesino
717,Fondos de inversión
718,Fondos y fideicomisos financieros
719,Fundición y refinación de cobre
720,Fundición y refinación de metales preciosos
721,Fundición y refinación de otros metales no ferrosos
722,Generación de electricidad a partir de combustibles fósiles
723,Generación de electricidad a partir de energía eólica
724,Generación de electricidad a partir de energía hidráulica
725,Generación de electricidad a partir de energía solar
726,Generación de electricidad a partir de otro tipo de energía
727,Grabación de discos compactos (CD) y de video digital (DVD) o casetes musicales
728,Grupos musicales del sector público
729,"Grutas, parques naturales y otros sitios del patrimonio cultural de la nación"
730,Guarderías del sector privado
731,Guarderías del sector público
732,Hogares con empleados domésticos
733,Hojalatería y pintura de automóviles y camiones
734,Hospitales del sector privado de otras especialidades médicas
735,Hospitales del sector público de otras especialidades médicas
736,Hospitales generales del sector privado
737,Hospitales generales del sector público
738,Hospitales psiquiátricos y para el tratamiento por adicción del sector privado
739,Hospitales psiquiátricos y para el tratamiento por adicción del sector público
740,Hoteles con casino
741,Hoteles con otros servicios integrados
742,Hoteles sin otros servicios integrados
743,Impartición de justicia y mantenimiento de la seguridad y el orden público
744,Impresión de formas continuas y otros impresos
745,"Impresión de libros, periódicos y revistas"
746,Industria básica del aluminio
747,Industrias conexas a la impresión
748,Inmobiliarias y corredores de bienes raíces
749,Instalaciones de sistemas centrales de aire acondicionado y calefacción
750,Instalaciones eléctricas en construcciones
751,Instalaciones hidrosanitarias y de gas
752,Instalación de cristales y otras reparaciones a la carrocería de automóviles y camiones
753,Instalación de señalamientos y protecciones en obras viales
754,"Intermediación de comercio al por mayor de productos agropecuarios, excepto a través de internet y de otros medios electrónicos"
755,"Intermediación de comercio al por mayor de productos para la industria, el comercio y los servicios, excepto a través de internet y de otros medios electrónicos"
756,Intermediación de comercio al por mayor exclusivamente a través de internet y otros medios electrónicos
757,"Intermediación de comercio al por mayor para productos de uso doméstico y personal, excepto a través de internet y de otros medios electrónicos"
758,Jardines botánicos y zoológicos del sector privado
759,Jardines botánicos y zoológicos del sector público
760,Joyería de metales y piedras no preciosos y de otros materiales
761,Laboratorios de pruebas
762,Laboratorios médicos y de diagnóstico del sector privado
763,Laboratorios médicos y de diagnóstico del sector público
764,Laminación secundaria de cobre
765,Laminación secundaria de otros metales no ferrosos
766,Lavado y lubricado de automóviles y camiones
767,Lavanderías y tintorerías
768,MONTEPIOS
769,Maquinado de piezas para maquinaria y equipo en general
770,Marinas turísticas
771,"Matanza de ganado, aves y otros animales comestibles"
772,Metalistería de metales no preciosos
773,Minería de arena y grava para la construcción
774,Minería de azufre
775,Minería de barita
776,Minería de caolín
777,Minería de carbón mineral
778,Minería de cobre
779,Minería de feldespato
780,Minería de fluorita
781,Minería de grafito
782,Minería de hierro
783,Minería de manganeso
784,Minería de mercurio y antimonio
785,Minería de minerales no metálicos para productos químicos
786,Minería de mármol
787,Minería de oro
788,Minería de otras arcillas y de otros minerales refractarios
789,Minería de otras piedras dimensionadas
790,Minería de otros minerales metálicos
791,Minería de otros minerales no metálicos
792,Minería de piedra caliza
793,Minería de piedra de yeso
794,Minería de plata
795,Minería de plomo y zinc
796,Minería de roca fosfórica
797,Minería de sal
798,Minería de sílice
799,Minería de tezontle y tepetate
800,Minería de uranio y minerales radiactivos
801,Moldeo por fundición de piezas de hierro y acero
802,Moldeo por fundición de piezas metálicas no ferrosas
803,Montaje de estructuras de acero prefabricadas
804,Montaje de estructuras de concreto prefabricadas
805,Montepíos
806,Moteles
807,Museos del sector privado
808,Museos del sector público
809,N/D
810,Notarías públicas
811,OPERADORES DE SERVICIOS DE TELECOMUNICACIONES ALÁMBRICAS
812,OPERADORES DE SERVICIOS DE TELECOMUNICACIONES INALÁMBRICAS
813,Obtención de alcohol etílico potable
814,Operadores de servicios de telecomunicaciones alámbricas
815,Operadores de servicios de telecomunicaciones inalámbricas
816,Operadores de servicios de telecomunicaciones vía satélite
817,Orfanatos y otras residencias de asistencia social del sector privado
818,Orfanatos y otras residencias de asistencia social del sector público
819,Orfebrería y joyería de metales y piedras preciosos
820,Organismos internacionales
821,Organización de excursiones y paquetes turísticos para agencias de viajes (Operadores de tours)
822,Organizadores de convenciones y ferias comerciales e industriales
823,Otras compañías y grupos de espectáculos artísticos del sector privado
824,Otras compañías y grupos de espectáculos artísticos del sector público
825,Otras construcciones de ingeniería civil
826,Otras industrias manufactureras
827,Otras instalaciones y equipamiento en construcciones
828,Otras instituciones de ahorro y préstamo
829,Otras instituciones de intermediación crediticia y financiera no bursátil
830,Otras reparaciones mecánicas de automóviles y camiones
831,Otro autotransporte foráneo de carga especializado
832,Otro autotransporte foráneo de carga general
833,Otro autotransporte local de carga especializado
834,Otro autotransporte local de carga general
835,Otro transporte terrestre de pasajeros
836,Otro transporte turístico
837,Otros centros del sector privado para la atención de pacientes que no requieren hospitalización
838,Otros centros del sector público para la atención de pacientes que no requieren hospitalización
839,Otros consultorios del sector privado para el cuidado de la salud
840,Otros consultorios del sector público para el cuidado de la salud
841,Otros cultivos
842,Otros cultivos no alimenticios en invernaderos y otras estructuras agrícolas protegidas
843,Otros juegos de azar
844,Otros servicios de almacenamiento con instalaciones especializadas
845,Otros servicios de almacenamiento general sin instalaciones especializadas
846,Otros servicios de apoyo a los negocios
847,Otros servicios de apoyo secretarial y similares
848,Otros servicios de consultoría científica y técnica
849,Otros servicios de grabación del sonido
850,Otros servicios de intermediación para el transporte de carga
851,Otros servicios de limpieza
852,Otros servicios de manejo de residuos por el sector privado
853,Otros servicios de manejo de residuos por el sector público
854,Otros servicios de orientación y trabajo social prestados por el sector privado
855,Otros servicios de orientación y trabajo social prestados por el sector público
856,Otros servicios de reparación y mantenimiento de automóviles y camiones
857,Otros servicios de reservaciones
858,Otros servicios de suministro de información
859,Otros servicios de telecomunicaciones
860,Otros servicios educativos proporcionados por el sector privado
861,Otros servicios educativos proporcionados por el sector público
862,Otros servicios personales
863,"Otros servicios profesionales, científicos y técnicos"
864,Otros servicios recreativos prestados por el sector privado
865,Otros servicios recreativos prestados por el sector público
866,Otros servicios relacionados con el transporte
867,Otros servicios relacionados con el transporte aéreo
868,Otros servicios relacionados con el transporte por agua
869,Otros servicios relacionados con la agricultura
870,Otros servicios relacionados con la contabilidad
871,Otros servicios relacionados con la intermediación bursátil
872,Otros servicios relacionados con la minería
873,Otros servicios relacionados con los servicios inmobiliarios
874,Otros trabajos de acabados en edificaciones
875,Otros trabajos en exteriores
876,Otros trabajos especializados para la construcción
877,Panificación industrial
878,Panificación tradicional
879,Parques acuáticos y balnearios del sector privado
880,Parques acuáticos y balnearios del sector público
881,Parques de diversiones y temáticos del sector privado
882,Parques de diversiones y temáticos del sector público
883,Pensiones y casas de huéspedes
884,Perforación de pozos petroleros y de gas
885,Pesca de camarón
886,Pesca de sardina y anchoveta
887,Pesca de túnidos
888,"Pesca y captura de otros peces, crustáceos, moluscos y otras especies"
889,"Piscicultura y otra acuicultura, excepto camaronicultura"
890,Pistas para esquiar
891,"Preparación de embutidos y otras conservas de carne de ganado, aves y otros animales comestibles"
892,Preparación de terrenos para la construcción
893,Preparación e hilado de fibras blandas naturales
894,Preparación e hilado de fibras duras naturales
895,Preparación y envasado de pescados y mariscos
896,Preparación y envasado de té
897,"Procesamiento electrónico de información, hospedaje y otros servicios relacionados"
898,Producción de aves en incubadora
899,Producción de películas
900,Producción de programación de canales para sistemas de televisión por cable o satelitales
901,Producción de programas para la televisión
902,"Producción de videoclips, comerciales y otros materiales audiovisuales"
903,Productoras y distribuidoras discográficas
904,"Promotores de espectáculos artísticos, culturales, deportivos y similares que no cuentan con instalaciones para presentarlos"
905,"Promotores del sector privado de espectáculos artísticos, culturales, deportivos y similares que cuentan con instalaciones para presentarlos"
906,"Promotores del sector público de espectáculos artísticos, culturales, deportivos y similares que cuentan con instalaciones para presentarlos"
907,Purificación y embotellado de agua
908,Realización de trabajos de carpintería en el lugar de la construcción
909,Recolección de productos forestales
910,Recolección de residuos no peligrosos por el sector privado
911,Recolección de residuos no peligrosos por el sector público
912,Recolección de residuos peligrosos por el sector privado
913,Recolección de residuos peligrosos por el sector público
914,Rectificación de partes de motor de automóviles y camiones
915,Recubrimientos y terminados metálicos
916,Recuperación de residuos por el sector privado
917,Recuperación de residuos por el sector público
918,Refinación de petróleo
919,Refugios temporales comunitarios del sector privado
920,Refugios temporales comunitarios del sector público
921,Regulación y fomento de actividades para mejorar y preservar el medio ambiente
922,Regulación y fomento del desarrollo económico
923,Relaciones exteriores
924,Reparación de calzado y otros artículos de piel y cuero
925,Reparación de suspensiones de automóviles y camiones
926,Reparación de tapicería de muebles para el hogar
927,Reparación de transmisiones de automóviles y camiones
928,Reparación del sistema eléctrico de automóviles y camiones
929,Reparación mecánica en general de automóviles y camiones
930,Reparación menor de llantas
931,Reparación y mantenimiento de aparatos eléctricos para el hogar y personales
932,Reparación y mantenimiento de bicicletas
933,Reparación y mantenimiento de equipo electrónico de uso doméstico
934,Reparación y mantenimiento de maquinaria y equipo agropecuario y forestal
935,Reparación y mantenimiento de maquinaria y equipo comercial y de servicios
936,Reparación y mantenimiento de maquinaria y equipo industrial
937,"Reparación y mantenimiento de maquinaria y equipo para mover, levantar y acomodar materiales"
938,Reparación y mantenimiento de motocicletas
939,Reparación y mantenimiento de otro equipo electrónico y de equipo de precisión
940,Reparación y mantenimiento de otros artículos para el hogar y personales
941,"Residencias del sector privado con cuidados de enfermeras para enfermos convalecientes, en rehabilitación, incurables y terminales"
942,Residencias del sector privado para el cuidado de personas con problemas de retardo mental
943,Residencias del sector privado para el cuidado de personas con problemas de trastorno mental y adicción
944,"Residencias del sector público con cuidados de enfermeras para enfermos convalecientes, en rehabilitación, incurables y terminales"
945,Residencias del sector público para el cuidado de personas con problemas de retardo mental
946,Residencias del sector público para el cuidado de personas con problemas de trastorno mental y adicción
947,Restaurantes con servicio de preparación de alimentos a la carta o de comida corrida
948,Restaurantes con servicio de preparación de antojitos
949,Restaurantes con servicio de preparación de pescados y mariscos
950,"Restaurantes con servicio de preparación de pizzas, hamburguesas, hot dogs y pollos rostizados para llevar"
951,Restaurantes con servicio de preparación de tacos y tortas
952,Restaurantes de autoservicio
953,Restaurantes que preparan otro tipo de alimentos para llevar
954,Revitalización de llantas
955,SOCIEDADES FINANCIERAS DE OBJETO LIMITADO
956,SUMINISTRO DE GAS POR DUCTOS AL CONSUMIDOR FINAL
957,Salones y clínicas de belleza y peluquerías
958,Sanitarios públicos y bolerías
959,Sedes diplomáticas y otras unidades extraterritoriales
960,Servicios a la navegación aérea
961,Servicios combinados de apoyo en instalaciones
962,Servicios de acceso a computadoras
963,Servicios de administración de bienes raíces
964,"Servicios de administración de carreteras, puentes y servicios auxiliares"
965,Servicios de administración de centrales camioneras
966,Servicios de administración de negocios
967,Servicios de agencias aduanales
968,Servicios de alimentación comunitarios prestados por el sector privado
969,Servicios de alimentación comunitarios prestados por el sector público
970,"Servicios de alquiler de marcas registradas, patentes y franquicias"
971,Servicios de ambulancias
972,Servicios de apoyo a la educación
973,Servicios de apoyo para efectuar trámites legales
974,Servicios de arquitectura
975,Servicios de arquitectura de paisaje y urbanismo
976,"Servicios de bancos de órganos, bancos de sangre y otros servicios auxiliares al tratamiento médico prestados por el sector privado"
977,"Servicios de bancos de órganos, bancos de sangre y otros servicios auxiliares al tratamiento médico prestados por el sector público"
978,Servicios de blindaje y de adaptación de automóviles y camiones
979,Servicios de báscula para el transporte y otros servicios relacionados con el transporte por carretera
980,"Servicios de capacitación para el trabajo prestados por el sector privado para personas desempleadas, subempleadas o con discapacidad"
981,"Servicios de capacitación para el trabajo prestados por el sector público para personas desempleadas, subempleadas o con discapacidad"
982,Servicios de carga y descarga para el transporte por agua
983,Servicios de casetas telefónicas
984,Servicios de comedor para empresas e instituciones
985,Servicios de consultoría en administración
986,Servicios de consultoría en medio ambiente
987,Servicios de contabilidad y auditoría
988,Servicios de control y exterminación de plagas
989,Servicios de dibujo
990,Servicios de diseño de sistemas de cómputo y servicios relacionados
991,Servicios de elaboración de mapas
992,Servicios de emergencia comunitarios prestados por el sector privado
993,Servicios de emergencia comunitarios prestados por el sector público
994,Servicios de empacado y etiquetado
995,Servicios de enfermería a domicilio
996,"Servicios de fotocopiado, fax y afines"
997,Servicios de fotografía y videograbación
998,Servicios de fumigación agrícola
999,Servicios de grúa
1000,Servicios de ingeniería
1001,Servicios de inspección de edificios
1002,Servicios de instalación y mantenimiento de áreas verdes
1003,"Servicios de investigación científica y desarrollo en ciencias naturales y exactas, ingeniería, y ciencias de la vida, prestados por el sector privado"
1004,"Servicios de investigación científica y desarrollo en ciencias naturales y exactas, ingeniería, y ciencias de la vida, prestados por el sector público"
1005,"Servicios de investigación científica y desarrollo en ciencias sociales y humanidades, prestados por el sector privado"
1006,"Servicios de investigación científica y desarrollo en ciencias sociales y humanidades, prestados por el sector público"
1007,Servicios de investigación de mercados y encuestas de opinión pública
1008,"Servicios de investigación y de protección y custodia, excepto mediante monitoreo"
1009,Servicios de levantamiento geofísico
1010,Servicios de limpieza de inmuebles
1011,"Servicios de limpieza de tapicería, alfombras y muebles"
1012,Servicios de mensajería y paquetería foránea
1013,Servicios de mensajería y paquetería local
1014,Servicios de mudanzas
1015,Servicios de orientación y trabajo social para la niñez y la juventud prestados por el sector privado
1016,Servicios de orientación y trabajo social para la niñez y la juventud prestados por el sector público
1017,Servicios de postproducción y otros servicios para la industria fílmica y del video
1018,Servicios de preparación de alimentos en unidades móviles
1019,Servicios de preparación de alimentos para ocasiones especiales
1020,Servicios de preparación de documentos
1021,Servicios de preparación de otros alimentos para consumo inmediato
1022,Servicios de profesores particulares
1023,Servicios de protección y custodia mediante el monitoreo de sistemas de seguridad
1024,Servicios de recepción de llamadas telefónicas y promoción por teléfono
1025,Servicios de remediación de residuos por el sector privado
1026,Servicios de remediación de residuos por el sector público
1027,Servicios de revelado e impresión de fotografías
1028,Servicios de rotulación y otros servicios de publicidad
1029,Servicios de traducción e interpretación
1030,Servicios funerarios
1031,Servicios para la navegación por agua
1032,Servicios postales
1033,Servicios relacionados con el aprovechamiento forestal
1034,Servicios relacionados con el transporte por ferrocarril
1035,Servicios relacionados con la cría y explotación de animales
1036,Servicios relacionados con la intermediación crediticia no bursátil
1037,Servicios veterinarios para la ganadería prestados por el sector privado
1038,Servicios veterinarios para la ganadería prestados por el sector público
1039,Servicios veterinarios para mascotas prestados por el sector privado
1040,Servicios veterinarios para mascotas prestados por el sector público
1041,Silvicultura
1042,Sitios históricos
1043,Sociedades de inversión especializadas en fondos para el retiro
1044,Sociedades financieras de objeto múltiple
1045,Suministro de gas natural por ductos al consumidor final
1046,Suministro de personal permanente
1047,Supervisión de construcción de obras de generación y conducción de energía eléctrica y de obras para telecomunicaciones
1048,"Supervisión de construcción de obras para el tratamiento, distribución y suministro de agua, drenaje y riego"
1049,Supervisión de construcción de obras para petróleo y gas
1050,Supervisión de construcción de otras obras de ingeniería civil
1051,Supervisión de construcción de vías de comunicación
1052,Supervisión de división de terrenos y de construcción de obras de urbanización
1053,Supervisión de edificación de inmuebles comerciales y de servicios
1054,Supervisión de edificación de naves y plantas industriales
1055,Supervisión de edificación residencial
1056,Tala de árboles
1057,Tapicería de automóviles y camiones
1058,Tenedoras de acciones
1059,Trabajos de albañilería
1060,Trabajos de cimentaciones
1061,"Trabajos de enyesado, empastado y tiroleado"
1062,Trabajos de pintura y otros cubrimientos de paredes
1063,Transmisión de energía eléctrica
1064,Transmisión de programas de radio
1065,Transmisión de programas de televisión
1066,Transporte aéreo no regular
1067,Transporte aéreo regular en líneas aéreas extranjeras
1068,Transporte aéreo regular en líneas aéreas nacionales
1069,Transporte colectivo foráneo de pasajeros de ruta fija
1070,Transporte colectivo urbano y suburbano de pasajeros en autobuses de ruta fija
1071,Transporte colectivo urbano y suburbano de pasajeros en autobuses que transitan en carril exclusivo
1072,Transporte colectivo urbano y suburbano de pasajeros en automóviles de ruta fija
1073,Transporte colectivo urbano y suburbano de pasajeros en metro
1074,Transporte colectivo urbano y suburbano de pasajeros en trolebuses y trenes ligeros
1075,Transporte de gas natural por ductos
1076,Transporte de pasajeros en taxis de ruleteo
1077,Transporte de pasajeros en taxis de sitio
1078,Transporte de petróleo crudo por ductos
1079,Transporte escolar y de personal
1080,"Transporte marítimo de altura, excepto de petróleo y gas natural"
1081,"Transporte marítimo de cabotaje, excepto de petróleo y gas natural"
1082,Transporte marítimo de petróleo y gas natural
1083,Transporte por aguas interiores
1084,"Transporte por ductos de otros productos, excepto de productos refinados del petróleo"
1085,Transporte por ductos de productos refinados del petróleo
1086,Transporte por ferrocarril
1087,Transporte turístico por agua
1088,Transporte turístico por tierra
1089,Tratamiento de la madera y fabricación de postes y durmientes
1090,Tratamiento y disposición final de residuos no peligrosos por el sector privado
1091,Tratamiento y disposición final de residuos no peligrosos por el sector público
1092,Tratamiento y disposición final de residuos peligrosos por el sector privado
1093,Tratamiento y disposición final de residuos peligrosos por el sector público
1094,Uniones de crédito
1095,"Venta de billetes de lotería, pronósticos deportivos y otros boletos de sorteo"
1096,Viveros forestales
1097,Órganos legislativos
