,0,1,2
0,"['NOMBRE O DENOMINACIÓN SOCIAL', 'Nombre Comercial', 'HOTEL NOVIT', 'UBICACIÓN', 'Tipo de vialidad', 'Avenida', 'Nombre de la vialidad', 'INSURGENTES SUR', 'Número Exterior', '635', 'Edificio. Piso o Nivel', '-', 'Número Interior', '-', 'Número de Local', '-', 'Código Postal', '03810', 'ASENTAMIENTO HUMANO', 'Tipo', 'Colonia', 'Nombre', 'NÁPOLES', 'CENTRO COMERCIAL, PARQUE INDUSTRIAL U OTRO', 'Tipo', '-', 'Nombre', '-', 'ENTREVIALIDADES', 'Tipo 1', 'Calle', 'Nombre 1', 'ALTADENA', 'Tipo 2', 'Calle', 'Nombre 2', 'YOSEMITE', 'VIALIDAD POSTERIOR', 'Tipo', 'Calle', 'Nombre', 'DAKOTA', 'UBICACIÓN TERRITORIAL', 'Descripción de ubicación', '-', 'Entidad Federativa', 'Ciudad de México', 'Delegación o Municipio', 'Benito Juárez', 'Localidad', 'Benito Juárez', 'DATOS DE CONTACTO DEL ESTABLECIMIENTO PARA NEGOCIOS', 'Teléfono', '5554180490', 'Extensión', '-', 'E-mail', '-', 'Otro', '-', 'Sitio Web', '-']","['PERFIL', 'Tipo de Empresa', 'Única', 'Tipo de Instalaciones', 'Fijas', 'EXPORTACIÓN E IMPORTACIÓN', '¿Exporta?', 'No', 'Paises', '¿Importa?', 'No', 'Paises']","['ACTIVIDADES, PRODUCTOS Y SERVICIOS', 'Actividad principal del establecimiento según los ingresos obtenidos', 'Hoteles con otros servicios integrados', 'Producto o Servicio Principal (1)', 'HOTEL', 'Porcentaje', '100%', 'Producto o Servicio Principal (2)', '-', 'Porcentaje', '-%', 'Producto o Servicio Principal (3)', '-', 'Porcentaje', '-%', 'Actividad (Código)', '721111 - Hoteles con otros servicios integrados', 'OFERTA Y DEMANDA', 'PRINCIPALES PRODUCTOS O SERVICIOS QUE OFRECE', 'Producto o Servicio', 'Destino', 'HOTEL', 'Nacional', 'PRINCIPALES INSUMOS QUE DEMANDA', 'Insumo', 'Origen', 'LUZ', 'Nacional', 'AGUA', 'Nacional', 'TELÉFONO', 'Nacional', 'INFORMACIÓN COMERCIAL', 'Facebook', '-', 'Twitter', '-', 'Grupo Empresarial', 'Cámara y/o Asociación', 'Clúster', 'Cadena Productiva', '¿Cuenta con Distintivo?', 'No', ""¿Cúal'"", '-']"
1,"['NOMBRE O DENOMINACIÓN SOCIAL', 'Nombre Comercial', 'HOTEL KRON', 'UBICACIÓN', 'Tipo de vialidad', 'Avenida', 'Nombre de la vialidad', 'INSURGENTES SUR', 'Número Exterior', '3790', 'Edificio. Piso o Nivel', '-', 'Número Interior', '-', 'Número de Local', '-', 'Código Postal', '14000', 'ASENTAMIENTO HUMANO', 'Tipo', 'Colonia', 'Nombre', 'TLALPAN CENTRO', 'CENTRO COMERCIAL, PARQUE INDUSTRIAL U OTRO', 'Tipo', '-', 'Nombre', '-', 'ENTREVIALIDADES', 'Tipo 1', 'Avenida', 'Nombre 1', '11 MÁRTIRES', 'Tipo 2', 'Calle', 'Nombre 2', 'SAN FERNANDO', 'VIALIDAD POSTERIOR', 'Tipo', 'Calle', 'Nombre', 'IGNACIO ALLENDE', 'UBICACIÓN TERRITORIAL', 'Descripción de ubicación', '-', 'Entidad Federativa', 'Ciudad de México', 'Delegación o Municipio', 'Tlalpan', 'Localidad', 'TLALPAN', 'DATOS DE CONTACTO DEL ESTABLECIMIENTO PARA NEGOCIOS', 'Teléfono', '56064838', 'Extensión', '-', 'E-mail', '-', 'Otro', '-', 'Sitio Web', '-']","['PERFIL', 'Tipo de Empresa', 'Única', 'Tipo de Instalaciones', 'Fijas', 'EXPORTACIÓN E IMPORTACIÓN', '¿Exporta?', 'No', 'Paises', '¿Importa?', 'No', 'Paises']","['ACTIVIDADES, PRODUCTOS Y SERVICIOS', 'Actividad principal del establecimiento según los ingresos obtenidos', 'Hoteles con otros servicios integrados', 'Producto o Servicio Principal (1)', 'HOTEL', 'Porcentaje', '100%', 'Producto o Servicio Principal (2)', '-', 'Porcentaje', '-%', 'Producto o Servicio Principal (3)', '-', 'Porcentaje', '-%', 'Actividad (Código)', '721111 - Hoteles con otros servicios integrados', 'OFERTA Y DEMANDA', 'PRINCIPALES PRODUCTOS O SERVICIOS QUE OFRECE', 'Producto o Servicio Destino', 'HOTEL', 'Nacional', 'PRINCIPALES INSUMOS QUE DEMANDA', 'Insumo Origen', 'SABANAS', 'Nacional', 'TOALLAS', 'Nacional', 'JABONES', 'Nacional', 'INFORMACIÓN COMERCIAL', 'Facebook', '-', 'Twitter', '-', 'Grupo Empresarial', 'Cámara y/o Asociación', 'Clúster', 'Cadena Productiva', '¿Cuenta con Distintivo?', 'No', ""¿Cúal'"", '-']"
2,"['NOMBRE O DENOMINACIÓN SOCIAL', 'Nombre Comercial', 'HOTELERA AMABLE', 'UBICACIÓN', 'Tipo de vialidad', 'Calzada', 'Nombre de la vialidad', 'DE TLAPAN', 'Número Exterior', '906', 'Edificio. Piso o Nivel', '-', 'Número Interior', '-', 'Número de Local', '-', 'Código Postal', '03500', 'ASENTAMIENTO HUMANO', 'Tipo', 'Aereopuerto', 'Nombre', 'NATIVITAS', 'CENTRO COMERCIAL, PARQUE INDUSTRIAL U OTRO', 'Tipo', '-', 'Nombre', '-', 'ENTREVIALIDADES', 'Tipo 1', 'Avenida', 'Nombre 1', 'EJE 5', 'Tipo 2', 'Avenida', 'Nombre 2', 'EJE 7', 'VIALIDAD POSTERIOR', 'Tipo', 'Calle', 'Nombre', 'VICTOR HUGO', 'UBICACIÓN TERRITORIAL', 'Descripción de ubicación', '-', 'Entidad Federativa', 'Ciudad de México', 'Delegación o Municipio', 'Benito Juárez', 'Localidad', 'BENITO JUÁREZ', 'DATOS DE CONTACTO DEL ESTABLECIMIENTO PARA NEGOCIOS', 'Teléfono', '5555772613', 'Extensión', '-', 'E-mail', 'ESQUEDASALAS.ASOC2@YAHOO.COM.MX', 'Otro', '-', 'Sitio Web', '-']","['PERFIL', 'Tipo de Empresa', 'Única', 'Tipo de Instalaciones', 'Fijas']","['ACTIVIDADES, PRODUCTOS Y SERVICIOS', 'Actividad principal del establecimiento según los ingresos obtenidos', 'Producto o Servicio Principal (1)', 'SERVICIO DE HOSPEDAJE', 'Porcentaje', '60%', 'Producto o Servicio Principal (2)', 'SERVICIO DE RESTAURANTE', 'Porcentaje', '30%', 'Producto o Servicio Principal (3)', 'INTERNET', 'Porcentaje', '10%', 'Actividad (Código)', '721111 - Hoteles con otros servicios integrados', 'OFERTA Y DEMANDA', 'PRINCIPALES PRODUCTOS O SERVICIOS QUE OFRECE', 'Producto o Servicio', 'Destino', 'PRINCIPALES INSUMOS QUE DEMANDA', 'Insumo', 'Origen']"
3,"['NOMBRE O DENOMINACIÓN SOCIAL', 'Nombre Comercial', 'HOTEL LERA', 'UBICACIÓN', 'Tipo de vialidad', 'Calle', 'Nombre de la vialidad', 'A VAN DYCK', 'Número Exterior', '24', 'Edificio. Piso o Nivel', '-', 'Número Interior', '-', 'Número de Local', '-', 'Código Postal', '03700', 'ASENTAMIENTO HUMANO', 'Tipo', 'Colonia', 'Nombre', 'SANTA MARIA NONOALCO', 'CENTRO COMERCIAL, PARQUE INDUSTRIAL U OTRO', 'Tipo', '-', 'Nombre', '-', 'ENTREVIALIDADES', 'Tipo 1', 'Calle', 'Nombre 1', 'FRAY ANGELICO', 'Tipo 2', 'Calle', 'Nombre 2', 'MIGUEL ANGEL', 'VIALIDAD POSTERIOR', 'Tipo', 'Calle', 'Nombre', 'MURILLO', 'UBICACIÓN TERRITORIAL', 'Descripción de ubicación', '-', 'Entidad Federativa', 'Ciudad de México', 'Delegación o Municipio', 'Benito Juárez', 'Localidad', 'BENITO JUÁREZ', 'DATOS DE CONTACTO DEL ESTABLECIMIENTO PARA NEGOCIOS', 'Teléfono', '5555354289', 'Extensión', '-', 'E-mail', 'MIGUEL.RAMIREZ@OAMYASOCIADOS.COM', 'Otro', '-', 'Sitio Web', '-']","['PERFIL', 'Tipo de Empresa', 'Única', 'Tipo de Instalaciones', 'Fijas']","['ACTIVIDADES, PRODUCTOS Y SERVICIOS', 'Actividad principal del establecimiento según los ingresos obtenidos', 'Producto o Servicio Principal (1)', 'SERVICIO DE ALOJAMIENTO', 'Porcentaje', '40%', 'Producto o Servicio Principal (2)', 'SERVICIO DE INTERNET', 'Porcentaje', '40%', 'Producto o Servicio Principal (3)', 'SERVICIO DE LAVANDERIA', 'Porcentaje', '20%', 'Actividad (Código)', '721111 - Hoteles con otros servicios integrados', 'OFERTA Y DEMANDA', 'PRINCIPALES PRODUCTOS O SERVICIOS QUE OFRECE', 'Producto o Servicio', 'Destino', 'PRINCIPALES INSUMOS QUE DEMANDA', 'Insumo', 'Origen']"
4,"['NOMBRE O DENOMINACIÓN SOCIAL', 'Nombre Comercial', 'HOTEL LASA', 'UBICACIÓN', 'Tipo de vialidad', 'Avenida', 'Nombre de la vialidad', 'TLAHUAC', 'Número Exterior', '20', 'Edificio. Piso o Nivel', '-', 'Número Interior', '-', 'Número de Local', '-', 'Código Postal', '09820', 'ASENTAMIENTO HUMANO', 'Tipo', 'Colonia', 'Nombre', 'LA MORA GRANDE', 'CENTRO COMERCIAL, PARQUE INDUSTRIAL U OTRO', 'Tipo', '-', 'Nombre', '-', 'ENTREVIALIDADES', 'Tipo 1', 'Avenida', 'Nombre 1', 'ERMITA IZTAPALAPA', 'Tipo 2', 'Calle', 'Nombre 2', 'PASTORES', 'VIALIDAD POSTERIOR', 'Tipo', 'Calle', 'Nombre', 'TLAHUAC', 'UBICACIÓN TERRITORIAL', 'Descripción de ubicación', '-', 'Entidad Federativa', 'Ciudad de México', 'Delegación o Municipio', 'Iztapalapa', 'Localidad', 'IZTAPALAPA', 'DATOS DE CONTACTO DEL ESTABLECIMIENTO PARA NEGOCIOS', 'Teléfono', '5556766963', 'Extensión', '-', 'E-mail', 'HOTEL_LASA@YAHOO.COM.MX', 'Otro', '-', 'Sitio Web', '-']","['PERFIL', 'Tipo de Empresa', 'Única', 'Tipo de Instalaciones', 'Fijas']","['ACTIVIDADES, PRODUCTOS Y SERVICIOS', 'Actividad principal del establecimiento según los ingresos obtenidos', 'Producto o Servicio Principal (1)', 'SERVICIO DE ALOJAMIENTO', 'Porcentaje', '50%', 'Producto o Servicio Principal (2)', 'SERVICIO DE RESTAURANTE', 'Porcentaje', '25%', 'Producto o Servicio Principal (3)', 'SERVICIO DE INTERNET', 'Porcentaje', '25%', 'Actividad (Código)', '721111 - Hoteles con otros servicios integrados', 'OFERTA Y DEMANDA', 'PRINCIPALES PRODUCTOS O SERVICIOS QUE OFRECE', 'Producto o Servicio', 'Destino', 'PRINCIPALES INSUMOS QUE DEMANDA', 'Insumo', 'Origen']"
5,"['NOMBRE O DENOMINACIÓN SOCIAL', 'Nombre Comercial', 'HOTEL LA CAÑADA', 'UBICACIÓN', 'Tipo de vialidad', 'Avenida', 'Nombre de la vialidad', 'DOLORES HIDALGO', 'Número Exterior', '127', 'Edificio. Piso o Nivel', '-', 'Número Interior', '-', 'Número de Local', '-', 'Código Postal', '07510', 'ASENTAMIENTO HUMANO', 'Tipo', 'Colonia', 'Nombre', 'SAN FELIPE DE JESUS', 'CENTRO COMERCIAL, PARQUE INDUSTRIAL U OTRO', 'Tipo', '-', 'Nombre', '-', 'ENTREVIALIDADES', 'Tipo 1', 'Calle', 'Nombre 1', 'AYUTLA', 'Tipo 2', 'Calle', 'Nombre 2', 'TALPA', 'VIALIDAD POSTERIOR', 'Tipo', 'Calle', 'Nombre', 'TALPA', 'UBICACIÓN TERRITORIAL', 'Descripción de ubicación', '-', 'Entidad Federativa', 'Ciudad de México', 'Delegación o Municipio', 'Gustavo A. Madero', 'Localidad', 'GUSTAVO A. MADERO', 'DATOS DE CONTACTO DEL ESTABLECIMIENTO PARA NEGOCIOS', 'Teléfono', '5572612090', 'Extensión', '-', 'E-mail', 'HOTELCANADASA@HOTMAIL.COM', 'Otro', '-', 'Sitio Web', '-']","['PERFIL', 'Tipo de Empresa', 'Única', 'Tipo de Instalaciones', 'Fijas', 'EXPORTACIÓN E IMPORTACIÓN', '¿Exporta?', 'No', 'Paises', '¿Importa?', 'No', 'Paises']","['ACTIVIDADES, PRODUCTOS Y SERVICIOS', 'Actividad principal del establecimiento según los ingresos obtenidos', 'HOTELES CON OTROS SERVICIOS INTEGRADOS', 'Producto o Servicio Principal (1)', 'HOTEL', 'Porcentaje', '100%', 'Producto o Servicio Principal (2)', '-', 'Porcentaje', '-%', 'Producto o Servicio Principal (3)', '-', 'Porcentaje', '-%', 'Actividad (Código)', '721111 - Hoteles con otros servicios integrados', 'OFERTA Y DEMANDA', 'PRINCIPALES PRODUCTOS O SERVICIOS QUE OFRECE', 'Producto o Servicio', 'Destino', 'HOTEL', 'Nacional', 'PRINCIPALES INSUMOS QUE DEMANDA', 'Insumo', 'Origen', 'HOTEL', 'Nacional', 'INFORMACIÓN COMERCIAL', 'Facebook', '-', 'Twitter', '-', 'Grupo Empresarial', 'Cámara y/o Asociación', 'Clúster', 'HTTP://MIM.PROMEXICO.GOB.MX/WB/MIM/CLUSTER_MAPPING', 'Cadena Productiva', 'HTTP://WWW.SIEM.GOB.MX/SIEM/PORTAL/CADENAS/CADENASPRODUCIDCAMARATIVAS.ASP', '¿Cuenta con Distintivo?', 'No', ""¿Cúal'"", '-']"
6,"['NOMBRE O DENOMINACIÓN SOCIAL', 'Nombre Comercial', 'HOTEL IMPERIO', 'UBICACIÓN', 'Tipo de vialidad', 'Calle', 'Nombre de la vialidad', 'LEGARIA', 'Número Exterior', '3', 'Edificio. Piso o Nivel', '-', 'Número Interior', '-', 'Número de Local', '-', 'Código Postal', '11280', 'ASENTAMIENTO HUMANO', 'Tipo', 'Colonia', 'Nombre', 'TORRE BLANCA', 'CENTRO COMERCIAL, PARQUE INDUSTRIAL U OTRO', 'Tipo', '-', 'Nombre', '-', 'ENTREVIALIDADES', 'Tipo 1', 'Calle', 'Nombre 1', 'LAGO SUPERIOR', 'Tipo 2', 'Calle', 'Nombre 2', 'MEXICO-TACUBA', 'VIALIDAD POSTERIOR', 'Tipo', 'Calle', 'Nombre', 'LAGO DE LOS ESCLAVOS', 'UBICACIÓN TERRITORIAL', 'Descripción de ubicación', 'CERCA DEL METRO TACUBA', 'Entidad Federativa', 'Ciudad de México', 'Delegación o Municipio', 'Miguel Hidalgo', 'Localidad', 'MIGUEL HIDALGO', 'DATOS DE CONTACTO DEL ESTABLECIMIENTO PARA NEGOCIOS', 'Teléfono', '5555774319', 'Extensión', '-', 'E-mail', 'LUGOVIC77@OUTLOOK.COM', 'Otro', '-', 'Sitio Web', '-']","['PERFIL', 'Tipo de Empresa', 'Única', 'Tipo de Instalaciones', 'Fijas']","['ACTIVIDADES, PRODUCTOS Y SERVICIOS', 'Actividad principal del establecimiento según los ingresos obtenidos', 'Producto o Servicio Principal (1)', 'SERVICIOS DE HOSPEDAJES', 'Porcentaje', '100%', 'Producto o Servicio Principal (2)', '-', 'Porcentaje', '-%', 'Producto o Servicio Principal (3)', '-', 'Porcentaje', '-%', 'Actividad (Código)', '721111 - Hoteles con otros servicios integrados', 'OFERTA Y DEMANDA', 'PRINCIPALES PRODUCTOS O SERVICIOS QUE OFRECE', 'Producto o Servicio', 'Destino', 'PRINCIPALES INSUMOS QUE DEMANDA', 'Insumo', 'Origen']"
7,"['NOMBRE O DENOMINACIÓN SOCIAL', 'Nombre Comercial', 'HOTEL ISABEL, S.A. DE C.V.', 'UBICACIÓN', 'Tipo de vialidad', 'Calle', 'Nombre de la vialidad', 'ISABEL LA CATÓLICA', 'Número Exterior', '63', 'Edificio. Piso o Nivel', '-', 'Número Interior', '-', 'Número de Local', '-', 'Código Postal', '06000', 'ASENTAMIENTO HUMANO', 'Tipo', 'Colonia', 'Nombre', 'COLONIA CENTRO', 'CENTRO COMERCIAL, PARQUE INDUSTRIAL U OTRO', 'Tipo', '-', 'Nombre', '-', 'ENTREVIALIDADES', 'Tipo 1', 'Calle', 'Nombre 1', 'REPÚBLICA DE URUGUAY', 'Tipo 2', 'Calle', 'Nombre 2', 'REPÚBLICA DEL SALVADOR', 'VIALIDAD POSTERIOR', 'Tipo', 'Calle', 'Nombre', 'BOLÍVAR', 'UBICACIÓN TERRITORIAL', 'Descripción de ubicación', '-', 'Entidad Federativa', 'Ciudad de México', 'Delegación o Municipio', 'Cuauhtémoc', 'Localidad', 'Cuauhtémoc', 'DATOS DE CONTACTO DEL ESTABLECIMIENTO PARA NEGOCIOS', 'Teléfono', '5555181213', 'Extensión', '-', 'E-mail', '-', 'Otro', '-', 'Sitio Web', '-']","['PERFIL', 'Tipo de Empresa', 'Única', 'Tipo de Instalaciones', 'Fijas', 'EXPORTACIÓN E IMPORTACIÓN', '¿Exporta?', 'No', 'Paises', '¿Importa?', 'No', 'Paises']","['ACTIVIDADES, PRODUCTOS Y SERVICIOS', 'Actividad principal del establecimiento según los ingresos obtenidos', 'HOTELES CON OTROS SERVICIOS INTEGRADOS', 'Producto o Servicio Principal (1)', 'ALOJAMIENTO TEMPORAL', 'Porcentaje', '40%', 'Producto o Servicio Principal (2)', 'PENSIÓN', 'Porcentaje', '30%', 'Producto o Servicio Principal (3)', 'ALIMENTOS Y BEBIDAS', 'Porcentaje', '30%', 'Actividad (Código)', '721111 - Hoteles con otros servicios integrados', 'OFERTA Y DEMANDA', 'PRINCIPALES PRODUCTOS O SERVICIOS QUE OFRECE', 'Producto o Servicio', 'Destino', 'ALOJAMIENTO TEMPORAL', 'Nacional', 'PENSIÓN', 'Nacional', 'ALIMENTOS Y BEBIDAS', 'Nacional', 'PRINCIPALES INSUMOS QUE DEMANDA', 'Insumo', 'Origen', 'MUEBLES PARA HOTEL', 'Nacional', 'UNIFORMES BLANCOS', 'Nacional', 'GASTOS DE PAPELERÍA', 'Nacional', 'INFORMACIÓN COMERCIAL', 'Facebook', '-', 'Twitter', '-', 'Grupo Empresarial', 'Cámara y/o Asociación', 'Clúster', 'Cadena Productiva', '¿Cuenta con Distintivo?', 'No', ""¿Cúal'"", '-']"
8,"['NOMBRE O DENOMINACIÓN SOCIAL', 'Nombre Comercial', 'MOTEL LA RAZA', 'UBICACIÓN', 'Tipo de vialidad', 'Avenida', 'Nombre de la vialidad', 'INSURGENTES NORTE', 'Número Exterior', '788', 'Edificio. Piso o Nivel', '-', 'Número Interior', '-', 'Número de Local', '-', 'Código Postal', '06430', 'ASENTAMIENTO HUMANO', 'Tipo', 'Colonia', 'Nombre', 'SANTA MARIA INSURGENTES', 'CENTRO COMERCIAL, PARQUE INDUSTRIAL U OTRO', 'Tipo', '-', 'Nombre', '-', 'ENTREVIALIDADES', 'Tipo 1', 'Calle', 'Nombre 1', 'RIO CONSULADO', 'Tipo 2', 'Calle', 'Nombre 2', 'MELDENSSOHN', 'VIALIDAD POSTERIOR', 'Tipo', 'Avenida', 'Nombre', 'DEBUSY', 'UBICACIÓN TERRITORIAL', 'Descripción de ubicación', '-', 'Entidad Federativa', 'Ciudad de México', 'Delegación o Municipio', 'Cuauhtémoc', 'Localidad', 'CUAUHTÉMOC', 'DATOS DE CONTACTO DEL ESTABLECIMIENTO PARA NEGOCIOS', 'Teléfono', '5583333400', 'Extensión', '-', 'E-mail', 'LARAZAMOTEL@GMAIL.COM', 'Otro', '-', 'Sitio Web', '-']","['PERFIL', 'Tipo de Empresa', 'Única', 'Tipo de Instalaciones', 'Fijas']","['ACTIVIDADES, PRODUCTOS Y SERVICIOS', 'Actividad principal del establecimiento según los ingresos obtenidos', 'Producto o Servicio Principal (1)', 'ALOJAMIENTO TEMPORAL', 'Porcentaje', '50%', 'Producto o Servicio Principal (2)', 'ALIMENTOS', 'Porcentaje', '25%', 'Producto o Servicio Principal (3)', 'ESTACIONAMIENTO', 'Porcentaje', '25%', 'Actividad (Código)', '721111 - Hoteles con otros servicios integrados', 'OFERTA Y DEMANDA', 'PRINCIPALES PRODUCTOS O SERVICIOS QUE OFRECE', 'Producto o Servicio', 'Destino', 'PRINCIPALES INSUMOS QUE DEMANDA', 'Insumo', 'Origen']"
9,"['NOMBRE O DENOMINACIÓN SOCIAL', 'Nombre Comercial', 'GRAN HOTEL LA PAZ', 'UBICACIÓN', 'Tipo de vialidad', 'Calle', 'Nombre de la vialidad', 'MINA', 'Número Exterior', '141', 'Edificio. Piso o Nivel', '-', 'Número Interior', '-', 'Número de Local', '-', 'Código Postal', '06300', 'ASENTAMIENTO HUMANO', 'Tipo', 'Colonia', 'Nombre', 'GUERRERO', 'CENTRO COMERCIAL, PARQUE INDUSTRIAL U OTRO', 'Tipo', '-', 'Nombre', '-', 'ENTREVIALIDADES', 'Tipo 1', 'Calle', 'Nombre 1', 'HEROES', 'Tipo 2', 'Eje vial', 'Nombre 2', '1 PONIENTE GUERRERO', 'VIALIDAD POSTERIOR', 'Tipo', 'Calle', 'Nombre', 'LUIS DONALDO COLOSIO', 'UBICACIÓN TERRITORIAL', 'Descripción de ubicación', '-', 'Entidad Federativa', 'Ciudad de México', 'Delegación o Municipio', 'Cuauhtémoc', 'Localidad', 'CUAUHTÉMOC', 'DATOS DE CONTACTO DEL ESTABLECIMIENTO PARA NEGOCIOS', 'Teléfono', '5555911822', 'Extensión', '-', 'E-mail', 'GRANHOTELLAPAZ@YAHOO.COM.MX', 'Otro', '-', 'Sitio Web', '-']","['PERFIL', 'Tipo de Empresa', 'Única', 'Tipo de Instalaciones', 'Fijas']","['ACTIVIDADES, PRODUCTOS Y SERVICIOS', 'Actividad principal del establecimiento según los ingresos obtenidos', 'Producto o Servicio Principal (1)', 'ALOJAMIENTO', 'Porcentaje', '80%', 'Producto o Servicio Principal (2)', 'ALIEMNTOS PREPARADOS', 'Porcentaje', '20%', 'Producto o Servicio Principal (3)', '-', 'Porcentaje', '-%', 'Actividad (Código)', '721111 - Hoteles con otros servicios integrados', 'OFERTA Y DEMANDA', 'PRINCIPALES PRODUCTOS O SERVICIOS QUE OFRECE', 'Producto o Servicio', 'Destino', 'PRINCIPALES INSUMOS QUE DEMANDA', 'Insumo', 'Origen']"
10,"['NOMBRE O DENOMINACIÓN SOCIAL', 'Nombre Comercial', 'SERVICIO DE HOSPEDAJE SIN NOMBRE', 'UBICACIÓN', 'Tipo de vialidad', 'Calle', 'Nombre de la vialidad', 'HEROES', 'Número Exterior', '8', 'Edificio. Piso o Nivel', '-', 'Número Interior', '-', 'Número de Local', 'BIS', 'Código Postal', '06300', 'ASENTAMIENTO HUMANO', 'Tipo', 'Colonia', 'Nombre', 'GUERRERO', 'CENTRO COMERCIAL, PARQUE INDUSTRIAL U OTRO', 'Tipo', '-', 'Nombre', '-', 'ENTREVIALIDADES', 'Tipo 1', 'Calle', 'Nombre 1', 'SAN FERNANDO', 'Tipo 2', 'Avenida', 'Nombre 2', 'PUENTE DE ALVARADO', 'VIALIDAD POSTERIOR', 'Tipo', 'Avenida', 'Nombre', 'HIDALGO', 'UBICACIÓN TERRITORIAL', 'Descripción de ubicación', '-', 'Entidad Federativa', 'Ciudad de México', 'Delegación o Municipio', 'Cuauhtémoc', 'Localidad', 'CUAUHTÉMOC', 'DATOS DE CONTACTO DEL ESTABLECIMIENTO PARA NEGOCIOS', 'Teléfono', '5555212833', 'Extensión', '-', 'E-mail', 'HMARCONI66@HOTMAIL.COM', 'Otro', '-', 'Sitio Web', '-']","['PERFIL', 'Tipo de Empresa', 'Única', 'Tipo de Instalaciones', 'Fijas']","['ACTIVIDADES, PRODUCTOS Y SERVICIOS', 'Actividad principal del establecimiento según los ingresos obtenidos', 'Producto o Servicio Principal (1)', 'ALQUILER DE CUARTOS', 'Porcentaje', '90%', 'Producto o Servicio Principal (2)', 'AGENCIA DE VIAJES', 'Porcentaje', '5%', 'Producto o Servicio Principal (3)', 'ALIMENTOS', 'Porcentaje', '5%', 'Actividad (Código)', '721111 - Hoteles con otros servicios integrados', 'OFERTA Y DEMANDA', 'PRINCIPALES PRODUCTOS O SERVICIOS QUE OFRECE', 'Producto o Servicio', 'Destino', 'PRINCIPALES INSUMOS QUE DEMANDA', 'Insumo', 'Origen']"
11,"['NOMBRE O DENOMINACIÓN SOCIAL', 'Nombre Comercial', 'GRUPO ROESCA SA DE CV', 'UBICACIÓN', 'Tipo de vialidad', 'Continuación', 'Nombre de la vialidad', 'BICENTENARIO (CALZADA MELCHOR OCAMPO)', 'Número Exterior', '336', 'Edificio. Piso o Nivel', '-', 'Número Interior', '-', 'Número de Local', '-', 'Código Postal', '6500', 'ASENTAMIENTO HUMANO', 'Tipo', 'Colonia', 'Nombre', 'CUAUHTÉMOC', 'CENTRO COMERCIAL, PARQUE INDUSTRIAL U OTRO', 'Tipo', '-', 'Nombre', '-', 'ENTREVIALIDADES', 'Tipo 1', 'Continuación', 'Nombre 1', 'RÍO NILO', 'Tipo 2', 'Calle', 'Nombre 2', '3 PONIENTE (RÍO MISSISSIPI)', 'VIALIDAD POSTERIOR', 'Tipo', 'Calle', 'Nombre', 'RÍO NAZAS', 'UBICACIÓN TERRITORIAL', 'Descripción de ubicación', '-', 'Entidad Federativa', 'Ciudad de México', 'Delegación o Municipio', 'Cuauhtémoc', 'Localidad', 'Cuauhtémoc', 'DATOS DE CONTACTO DEL ESTABLECIMIENTO PARA NEGOCIOS', 'Teléfono', '5562371919', 'Extensión', '-', 'E-mail', '-', 'Otro', '-', 'Sitio Web', '-']","['PERFIL', 'Tipo de Empresa', 'Única', 'Tipo de Instalaciones', 'Fijas', 'EXPORTACIÓN E IMPORTACIÓN', '¿Exporta?', 'No', 'Paises', '¿Importa?', 'No', 'Paises']","['ACTIVIDADES, PRODUCTOS Y SERVICIOS', 'Actividad principal del establecimiento según los ingresos obtenidos', 'Hoteles con otros servicios integrados', 'Producto o Servicio Principal (1)', 'HOTEL', 'Porcentaje', '100%', 'Producto o Servicio Principal (2)', '-', 'Porcentaje', '-%', 'Producto o Servicio Principal (3)', '-', 'Porcentaje', '-%', 'Actividad (Código)', '721111 - Hoteles con otros servicios integrados', 'OFERTA Y DEMANDA', 'PRINCIPALES PRODUCTOS O SERVICIOS QUE OFRECE', 'Producto o Servicio', 'Destino', 'HOTEL', 'Nacional', 'PRINCIPALES INSUMOS QUE DEMANDA', 'Insumo', 'Origen', 'TOALLAS', 'Nacional', 'SABANAS', 'Nacional', 'JABONES', 'Nacional', 'INFORMACIÓN COMERCIAL', 'Facebook', '-', 'Twitter', '-', 'Grupo Empresarial', 'Cámara y/o Asociación', 'Clúster', 'Cadena Productiva', '¿Cuenta con Distintivo?', 'No', ""¿Cúal'"", '-']"
12,"['NOMBRE O DENOMINACIÓN SOCIAL', 'Nombre Comercial', 'HOTEL SAN ANTONIO', 'UBICACIÓN', 'Tipo de vialidad', 'Callejón', 'Nombre de la vialidad', '2 DE 5 DE MAYO', 'Número Exterior', '29', 'Edificio. Piso o Nivel', '-', 'Número Interior', '-', 'Número de Local', '-', 'Código Postal', '06000', 'ASENTAMIENTO HUMANO', 'Tipo', 'Colonia', 'Nombre', 'CENTRO', 'CENTRO COMERCIAL, PARQUE INDUSTRIAL U OTRO', 'Tipo', '-', 'Nombre', '-', 'ENTREVIALIDADES', 'Tipo 1', 'Calle', 'Nombre 1', '5 DE MAYO', 'Tipo 2', 'Calle', 'Nombre 2', 'COBOS', 'VIALIDAD POSTERIOR', 'Tipo', 'Calle', 'Nombre', 'TOLTECAS', 'UBICACIÓN TERRITORIAL', 'Descripción de ubicación', '-', 'Entidad Federativa', 'Ciudad de México', 'Delegación o Municipio', 'Cuauhtémoc', 'Localidad', 'CUAUHTÉMOC', 'DATOS DE CONTACTO DEL ESTABLECIMIENTO PARA NEGOCIOS', 'Teléfono', '5555833340', 'Extensión', '-', 'E-mail', 'LARAZAMOTEL@GMAIL.COM', 'Otro', '-', 'Sitio Web', '-']","['PERFIL', 'Tipo de Empresa', 'Única', 'Tipo de Instalaciones', 'Fijas']","['ACTIVIDADES, PRODUCTOS Y SERVICIOS', 'Actividad principal del establecimiento según los ingresos obtenidos', 'Producto o Servicio Principal (1)', 'ALOJAMIENTO', 'Porcentaje', '50%', 'Producto o Servicio Principal (2)', 'ALIMENTOS', 'Porcentaje', '25%', 'Producto o Servicio Principal (3)', 'PAPELERIA', 'Porcentaje', '25%', 'Actividad (Código)', '721111 - Hoteles con otros servicios integrados', 'OFERTA Y DEMANDA', 'PRINCIPALES PRODUCTOS O SERVICIOS QUE OFRECE', 'Producto o Servicio', 'Destino', 'PRINCIPALES INSUMOS QUE DEMANDA', 'Insumo', 'Origen']"
13,"['NOMBRE O DENOMINACIÓN SOCIAL', 'Nombre Comercial', 'OPERADORA ORGAL', 'UBICACIÓN', 'Tipo de vialidad', 'Calle', 'Nombre de la vialidad', 'ANTONIO CASO', 'Número Exterior', '144', 'Edificio. Piso o Nivel', '-', 'Número Interior', '-', 'Número de Local', '-', 'Código Postal', '06470', 'ASENTAMIENTO HUMANO', 'Tipo', 'Colonia', 'Nombre', 'SAN RAFAEL', 'CENTRO COMERCIAL, PARQUE INDUSTRIAL U OTRO', 'Tipo', '-', 'Nombre', '-', 'ENTREVIALIDADES', 'Tipo 1', 'Calle', 'Nombre 1', 'FRANCISCO PIMENTEL', 'Tipo 2', 'Calle', 'Nombre 2', 'GUILLERMO PRIETO', 'VIALIDAD POSTERIOR', 'Tipo', 'Calle', 'Nombre', 'GABINO BARREDA', 'UBICACIÓN TERRITORIAL', 'Descripción de ubicación', '-', 'Entidad Federativa', 'Ciudad de México', 'Delegación o Municipio', 'Cuauhtémoc', 'Localidad', 'CUAUHTÉMOC', 'DATOS DE CONTACTO DEL ESTABLECIMIENTO PARA NEGOCIOS', 'Teléfono', '5555463537', 'Extensión', '-', 'E-mail', 'FACTURACION@HOTELMUY.COM.MX', 'Otro', '-', 'Sitio Web', '-']","['PERFIL', 'Tipo de Empresa', 'Única', 'Tipo de Instalaciones', 'Fijas']","['ACTIVIDADES, PRODUCTOS Y SERVICIOS', 'Actividad principal del establecimiento según los ingresos obtenidos', 'Producto o Servicio Principal (1)', 'SERVICIO DE HOSPEDAJE', 'Porcentaje', '100%', 'Producto o Servicio Principal (2)', '-', 'Porcentaje', '-%', 'Producto o Servicio Principal (3)', '-', 'Porcentaje', '-%', 'Actividad (Código)', '721111 - Hoteles con otros servicios integrados', 'OFERTA Y DEMANDA', 'PRINCIPALES PRODUCTOS O SERVICIOS QUE OFRECE', 'Producto o Servicio Destino', 'PRINCIPALES INSUMOS QUE DEMANDA', 'Insumo Origen']"
14,"['NOMBRE O DENOMINACIÓN SOCIAL', 'Nombre Comercial', 'NUEVO NUEVO LAREDO', 'UBICACIÓN', 'Tipo de vialidad', 'Calle', 'Nombre de la vialidad', 'ALBENIZ', 'Número Exterior', '125', 'Edificio. Piso o Nivel', '-', 'Número Interior', '-', 'Número de Local', '-', 'Código Postal', '07790', 'ASENTAMIENTO HUMANO', 'Tipo', 'Colonia', 'Nombre', 'VALLEJO PONIENTE', 'CENTRO COMERCIAL, PARQUE INDUSTRIAL U OTRO', 'Tipo', '-', 'Nombre', '-', 'ENTREVIALIDADES', 'Tipo 1', 'Calle', 'Nombre 1', 'MEYERBEER', 'Tipo 2', 'Calle', 'Nombre 2', 'BRAHMS', 'VIALIDAD POSTERIOR', 'Tipo', 'Calle', 'Nombre', 'ALBÉNIZ', 'UBICACIÓN TERRITORIAL', 'Descripción de ubicación', '-', 'Entidad Federativa', 'Ciudad de México', 'Delegación o Municipio', 'Gustavo A. Madero', 'Localidad', 'Gustavo A. Madero', 'DATOS DE CONTACTO DEL ESTABLECIMIENTO PARA NEGOCIOS', 'Teléfono', '-', 'Extensión', '-', 'E-mail', '-', 'Otro', '-', 'Sitio Web', '-']","['PERFIL', 'Tipo de Empresa', 'Única', 'Tipo de Instalaciones', 'Fijas', 'EXPORTACIÓN E IMPORTACIÓN', '¿Exporta?', 'No', 'Paises', '¿Importa?', 'No', 'Paises']","['ACTIVIDADES, PRODUCTOS Y SERVICIOS', 'Actividad principal del establecimiento según los ingresos obtenidos', 'HOTELES CON OTROS SERVICIOS INTEGRADOS', 'Producto o Servicio Principal (1)', 'HABITACIONES', 'Porcentaje', '100%', 'Producto o Servicio Principal (2)', '-', 'Porcentaje', '-%', 'Producto o Servicio Principal (3)', '-', 'Porcentaje', '-%', 'Actividad (Código)', '721111 - Hoteles con otros servicios integrados', 'OFERTA Y DEMANDA', 'PRINCIPALES PRODUCTOS O SERVICIOS QUE OFRECE', 'Producto o Servicio', 'Destino', 'HABITACIONES', 'Nacional', 'PRINCIPALES INSUMOS QUE DEMANDA', 'Insumo', 'Origen', 'HABITACIONES', 'Nacional', 'INFORMACIÓN COMERCIAL', 'Facebook', '-', 'Twitter', '-', 'Grupo Empresarial', 'Cámara y/o Asociación', 'Clúster', 'Cadena Productiva', '¿Cuenta con Distintivo?', 'No', ""¿Cúal'"", '-']"
15,"['NOMBRE O DENOMINACIÓN SOCIAL', 'Nombre Comercial', 'LERMA', 'UBICACIÓN', 'Tipo de vialidad', 'Calzada', 'Nombre de la vialidad', 'RIO LERMA', 'Número Exterior', '31', 'Edificio. Piso o Nivel', '-', 'Número Interior', '-', 'Número de Local', '-', 'Código Postal', '06500', 'ASENTAMIENTO HUMANO', 'Tipo', 'Colonia', 'Nombre', 'CUAUHTEMOC', 'CENTRO COMERCIAL, PARQUE INDUSTRIAL U OTRO', 'Tipo', '-', 'Nombre', '-', 'ENTREVIALIDADES', 'Tipo 1', 'Calle', 'Nombre 1', 'RIO PANUCO', 'Tipo 2', 'Calle', 'Nombre 2', 'RIO MISSISIPI', 'VIALIDAD POSTERIOR', 'Tipo', 'Calle', 'Nombre', 'RIO DANUBIO', 'UBICACIÓN TERRITORIAL', 'Descripción de ubicación', '-', 'Entidad Federativa', 'Ciudad de México', 'Delegación o Municipio', 'Cuauhtémoc', 'Localidad', 'CUAUHTÉMOC', 'DATOS DE CONTACTO DEL ESTABLECIMIENTO PARA NEGOCIOS', 'Teléfono', '5555928494', 'Extensión', '-', 'E-mail', 'MIGUEL.RAMIREZ@OAMYASOCIADOS.COM', 'Otro', '-', 'Sitio Web', '-']","['PERFIL', 'Tipo de Empresa', 'Única', 'Tipo de Instalaciones', 'Fijas']","['ACTIVIDADES, PRODUCTOS Y SERVICIOS', 'Actividad principal del establecimiento según los ingresos obtenidos', 'Producto o Servicio Principal (1)', 'SERVICIO DE ALOJAMIENTO', 'Porcentaje', '40%', 'Producto o Servicio Principal (2)', 'SERVICIO DE INTERNET', 'Porcentaje', '40%', 'Producto o Servicio Principal (3)', 'SERVICIO DE LAVANDERIA', 'Porcentaje', '20%', 'Actividad (Código)', '721111 - Hoteles con otros servicios integrados', 'OFERTA Y DEMANDA', 'PRINCIPALES PRODUCTOS O SERVICIOS QUE OFRECE', 'Producto o Servicio', 'Destino', 'PRINCIPALES INSUMOS QUE DEMANDA', 'Insumo', 'Origen']"
16,"['NOMBRE O DENOMINACIÓN SOCIAL', 'Nombre Comercial', 'PROYECCIONES TURISTICAS', 'UBICACIÓN', 'Tipo de vialidad', 'Avenida', 'Nombre de la vialidad', 'SULLIVAN', 'Número Exterior', '69', 'Edificio. Piso o Nivel', '-', 'Número Interior', '-', 'Número de Local', '-', 'Código Postal', '06470', 'ASENTAMIENTO HUMANO', 'Tipo', 'Colonia', 'Nombre', 'SAN RAFAEL', 'CENTRO COMERCIAL, PARQUE INDUSTRIAL U OTRO', 'Tipo', '-', 'Nombre', '-', 'ENTREVIALIDADES', 'Tipo 1', 'Calle', 'Nombre 1', 'RENDON', 'Tipo 2', 'Calle', 'Nombre 2', 'SADI CARNOT', 'VIALIDAD POSTERIOR', 'Tipo', 'Calle', 'Nombre', 'SULLIVAN', 'UBICACIÓN TERRITORIAL', 'Descripción de ubicación', '-', 'Entidad Federativa', 'Ciudad de México', 'Delegación o Municipio', 'Cuauhtémoc', 'Localidad', 'CUAUHTÉMOC', 'DATOS DE CONTACTO DEL ESTABLECIMIENTO PARA NEGOCIOS', 'Teléfono', '5555354289', 'Extensión', '-', 'E-mail', 'MIGUEL.RAMIREZ@OAMYASOCIADOS.COM', 'Otro', '-', 'Sitio Web', '-']","['PERFIL', 'Tipo de Empresa', 'Única', 'Tipo de Instalaciones', 'Fijas']","['ACTIVIDADES, PRODUCTOS Y SERVICIOS', 'Actividad principal del establecimiento según los ingresos obtenidos', 'Producto o Servicio Principal (1)', 'SERVICIO DE ALOJAMIENTO', 'Porcentaje', '40%', 'Producto o Servicio Principal (2)', 'SERVICIO DE RESTAURANTE', 'Porcentaje', '40%', 'Producto o Servicio Principal (3)', 'SERVICIO DE INTERNET', 'Porcentaje', '20%', 'Actividad (Código)', '721111 - Hoteles con otros servicios integrados', 'OFERTA Y DEMANDA', 'PRINCIPALES PRODUCTOS O SERVICIOS QUE OFRECE', 'Producto o Servicio', 'Destino', 'PRINCIPALES INSUMOS QUE DEMANDA', 'Insumo', 'Origen']"
17,"['NOMBRE O DENOMINACIÓN SOCIAL', 'Nombre Comercial', 'SERUGA', 'UBICACIÓN', 'Tipo de vialidad', 'Avenida', 'Nombre de la vialidad', 'CHAPULTEPEC', 'Número Exterior', '320', 'Edificio. Piso o Nivel', '-', 'Número Interior', '-', 'Número de Local', '-', 'Código Postal', '06700', 'ASENTAMIENTO HUMANO', 'Tipo', 'Colonia', 'Nombre', 'ROMA NORTE', 'CENTRO COMERCIAL, PARQUE INDUSTRIAL U OTRO', 'Tipo', '-', 'Nombre', '-', 'ENTREVIALIDADES', 'Tipo 1', 'Calle', 'Nombre 1', 'OAXACA', 'Tipo 2', 'Calle', 'Nombre 2', 'PUEBLA', 'VIALIDAD POSTERIOR', 'Tipo', 'Calle', 'Nombre', 'MONTERREY', 'UBICACIÓN TERRITORIAL', 'Descripción de ubicación', '-', 'Entidad Federativa', 'Ciudad de México', 'Delegación o Municipio', 'Cuauhtémoc', 'Localidad', 'CUAUHTÉMOC', 'DATOS DE CONTACTO DEL ESTABLECIMIENTO PARA NEGOCIOS', 'Teléfono', '5555354289', 'Extensión', '-', 'E-mail', 'MIGUEL.RAMIREZ@OAMYASOCIADOS.COM', 'Otro', '-', 'Sitio Web', '-']","['PERFIL', 'Tipo de Empresa', 'Única', 'Tipo de Instalaciones', 'Fijas']","['ACTIVIDADES, PRODUCTOS Y SERVICIOS', 'Actividad principal del establecimiento según los ingresos obtenidos', 'Producto o Servicio Principal (1)', 'SERVICIO DE ALOJAMIENTO', 'Porcentaje', '40%', 'Producto o Servicio Principal (2)', 'SERVICIO DE RESTAURANTE', 'Porcentaje', '40%', 'Producto o Servicio Principal (3)', 'SERVICIO DE INTERNET', 'Porcentaje', '20%', 'Actividad (Código)', '721111 - Hoteles con otros servicios integrados', 'OFERTA Y DEMANDA', 'PRINCIPALES PRODUCTOS O SERVICIOS QUE OFRECE', 'Producto o Servicio', 'Destino', 'PRINCIPALES INSUMOS QUE DEMANDA', 'Insumo', 'Origen']"
18,"['NOMBRE O DENOMINACIÓN SOCIAL', 'Nombre Comercial', 'HOTEL PREMIER', 'UBICACIÓN', 'Tipo de vialidad', 'Calle', 'Nombre de la vialidad', 'ATENAS', 'Número Exterior', '72', 'Edificio. Piso o Nivel', '-', 'Número Interior', '-', 'Número de Local', '-', 'Código Postal', '06600', 'ASENTAMIENTO HUMANO', 'Tipo', 'Colonia', 'Nombre', 'JUAREZ', 'CENTRO COMERCIAL, PARQUE INDUSTRIAL U OTRO', 'Tipo', '-', 'Nombre', '-', 'ENTREVIALIDADES', 'Tipo 1', 'Calle', 'Nombre 1', 'MORELOS', 'Tipo 2', 'Avenida', 'Nombre 2', 'BUCARELI', 'VIALIDAD POSTERIOR', 'Tipo', 'Avenida', 'Nombre', 'REFORMA', 'UBICACIÓN TERRITORIAL', 'Descripción de ubicación', '-', 'Entidad Federativa', 'Ciudad de México', 'Delegación o Municipio', 'Cuauhtémoc', 'Localidad', 'CUAUHTÉMOC', 'DATOS DE CONTACTO DEL ESTABLECIMIENTO PARA NEGOCIOS', 'Teléfono', '5555928414', 'Extensión', '-', 'E-mail', 'MIGUEL.RAMIREZ@OAMYASOCIADOS.COM', 'Otro', '-', 'Sitio Web', '-']","['PERFIL', 'Tipo de Empresa', 'Única', 'Tipo de Instalaciones', 'Fijas']","['ACTIVIDADES, PRODUCTOS Y SERVICIOS', 'Actividad principal del establecimiento según los ingresos obtenidos', 'Producto o Servicio Principal (1)', 'SERVICIO DE ALOJAMIENTO', 'Porcentaje', '40%', 'Producto o Servicio Principal (2)', 'SERVICIO DE RESTAURANTE', 'Porcentaje', '40%', 'Producto o Servicio Principal (3)', 'SERVICIO DE LAVANDERIA', 'Porcentaje', '20%', 'Actividad (Código)', '721111 - Hoteles con otros servicios integrados', 'OFERTA Y DEMANDA', 'PRINCIPALES PRODUCTOS O SERVICIOS QUE OFRECE', 'Producto o Servicio Destino', 'PRINCIPALES INSUMOS QUE DEMANDA', 'Insumo Origen']"