,Nombre Comercial,Cámara,Actividad,Entidad Federativa
0,VP LIVE,CANACO SERVYTUR CD DE MEXICO,Hoteles con otros servicios integrados,Ciudad de México
1,MARKA ENTERTAINMENT GROUP,CANACO SERVYTUR CD DE MEXICO,Hoteles con otros servicios integrados,Ciudad de México
2,NH AEROPUERTO,CANACO SERVYTUR CD DE MEXICO,Hoteles con otros servicios integrados,Ciudad de México
3,CHASTEL,CANACO SERVYTUR CD DE MEXICO,Hoteles con otros servicios integrados,Ciudad de México
4,HOTEL BLANCO,CANACO SERVYTUR CD DE MEXICO,Hoteles con otros servicios integrados,Ciudad de México
5,CASA MENA,CANACO SERVYTUR CD DE MEXICO,Hoteles con otros servicios integrados,Ciudad de México
6,HOTEL SIN NOMBRE,CANACO SERVYTUR CD DE MEXICO,Hoteles con otros servicios integrados,Ciudad de México
7,HOTEL ROSALES,CANACO SERVYTUR CD DE MEXICO,Hoteles con otros servicios integrados,Ciudad de México
8,OAM Y ASOCIADOS CONTADORES,CANACO SERVYTUR CD DE MEXICO,Hoteles con otros servicios integrados,Ciudad de México
9,ESTACIONAMIENTO JENA,CANACO SERVYTUR CD DE MEXICO,Hoteles con otros servicios integrados,Ciudad de México
10,BASAMPE,CANACO SERVYTUR CD DE MEXICO,Hoteles con otros servicios integrados,Ciudad de México
11,DESARROLLOS INMOBILIARIOS BMU,CANACO SERVYTUR CD DE MEXICO,Hoteles con otros servicios integrados,Ciudad de México
12,HOTEL & SUITES FERRI,CANACO SERVYTUR GUSTAVO A MADERO,Hoteles con otros servicios integrados,Ciudad de México
13,PROMOTORA DE HOTELES IMPERIAL,CANACO SERVYTUR CD DE MEXICO,Hoteles con otros servicios integrados,Ciudad de México
14,HOTEL CATEDRAL,CANACO SERVYTUR CD DE MEXICO,Hoteles con otros servicios integrados,Ciudad de México
15,HOTEL GILLOW,CANACO SERVYTUR CD DE MEXICO,Hoteles con otros servicios integrados,Ciudad de México
16,MABASA,CANACO SERVYTUR CD DE MEXICO,Hoteles con otros servicios integrados,Ciudad de México
17,VARHAM,CANACO SERVYTUR CD DE MEXICO,Hoteles con otros servicios integrados,Ciudad de México
18,OMC GOURMET,CANACO SERVYTUR CD DE MEXICO,Hoteles con otros servicios integrados,Ciudad de México
19,HOTELERA MARLOWE,CANACO SERVYTUR CD DE MEXICO,Hoteles con otros servicios integrados,Ciudad de México
20,REY CORTES,CANACO SERVYTUR CD DE MEXICO,Hoteles con otros servicios integrados,Ciudad de México
21,INMOBILIARIA PASEO DE LA REFORMA,CANACO SERVYTUR CD DE MEXICO,Hoteles con otros servicios integrados,Ciudad de México
22,HOTEL ACUARIO,CANACO SERVYTUR GUSTAVO A MADERO,Hoteles con otros servicios integrados,Ciudad de México
23,ADMINISTRACION DE EMPRESAS STARWOOD,CANACO SERVYTUR CD DE MEXICO,Hoteles con otros servicios integrados,Ciudad de México
24,HOTEL FLAMINGOS PLAZA,CANACO SERVYTUR CD DE MEXICO,Hoteles con otros servicios integrados,Ciudad de México
25,HOTELERA GALERIAS,CANACO SERVYTUR CD DE MEXICO,Hoteles con otros servicios integrados,Ciudad de México
26,INMOBILIARIA NOVA,CANACO SERVYTUR CD DE MEXICO,Hoteles con otros servicios integrados,Ciudad de México
27,HOTEL EMPORIO,CANACO SERVYTUR CD DE MEXICO,Hoteles con otros servicios integrados,Ciudad de México
28,HOTEL NOVIT,CANACOPE SERVYTUR CD DE MEXICO,Hoteles con otros servicios integrados,Ciudad de México
29,HOTEL KRON,CANACOPE SERVYTUR CD DE MEXICO,Hoteles con otros servicios integrados,Ciudad de México
30,HOTELERA AMABLE,CANACO SERVYTUR CD DE MEXICO,Hoteles con otros servicios integrados,Ciudad de México
31,HOTEL LERA,CANACO SERVYTUR CD DE MEXICO,Hoteles con otros servicios integrados,Ciudad de México
32,HOTL GUARANA,CANACO SERVYTUR CD DE MEXICO,Hoteles con otros servicios integrados,Ciudad de México
33,HOTELERA IDEA VERDE,CANACO SERVYTUR CD DE MEXICO,Hoteles con otros servicios integrados,Ciudad de México
34,HOTEL LASA,CANACO SERVYTUR CD DE MEXICO,Hoteles con otros servicios integrados,Ciudad de México
35,HOTEL LA CAÑADA,CANACO SERVYTUR GUSTAVO A MADERO,Hoteles con otros servicios integrados,Ciudad de México
36,HOTEL IMPERIO,CANACO SERVYTUR CD DE MEXICO,Hoteles con otros servicios integrados,Ciudad de México
37,"HOTEL ISABEL, S.A. DE C.V.",CANACOPE SERVYTUR CD DE MEXICO,Hoteles con otros servicios integrados,Ciudad de México
38,MOTEL LA RAZA,CANACO SERVYTUR CD DE MEXICO,Hoteles con otros servicios integrados,Ciudad de México
39,HOTEL CALETA,CANACO SERVYTUR CD DE MEXICO,Hoteles con otros servicios integrados,Ciudad de México
40,HOTEL MARBELLA,CANACO SERVYTUR CD DE MEXICO,Hoteles con otros servicios integrados,Ciudad de México
41,GRAN HOTEL LA PAZ,CANACO SERVYTUR CD DE MEXICO,Hoteles con otros servicios integrados,Ciudad de México
42,SERVICIO DE HOSPEDAJE SIN NOMBRE,CANACOPE SERVYTUR CD DE MEXICO,Hoteles con otros servicios integrados,Ciudad de México
43,GRUPO ROESCA SA DE CV,CANACOPE SERVYTUR CD DE MEXICO,Hoteles con otros servicios integrados,Ciudad de México
44,HOTEL SAN ANTONIO,CANACO SERVYTUR CD DE MEXICO,Hoteles con otros servicios integrados,Ciudad de México
45,OPERADORA ORGAL,CANACO SERVYTUR CD DE MEXICO,Hoteles con otros servicios integrados,Ciudad de México
46,HOTELERA ALFA,CANACO SERVYTUR CD DE MEXICO,Hoteles con otros servicios integrados,Ciudad de México
47,HOTEL YALE,CANACO SERVYTUR CD DE MEXICO,Hoteles con otros servicios integrados,Ciudad de México
48,NUEVO NUEVO LAREDO,CANACO SERVYTUR GUSTAVO A MADERO,Hoteles con otros servicios integrados,Ciudad de México
49,LERMA,CANACO SERVYTUR CD DE MEXICO,Hoteles con otros servicios integrados,Ciudad de México
50,PROYECCIONES TURISTICAS,CANACO SERVYTUR CD DE MEXICO,Hoteles con otros servicios integrados,Ciudad de México
51,SERUGA,CANACO SERVYTUR CD DE MEXICO,Hoteles con otros servicios integrados,Ciudad de México
52,HOTEL PREMIER,CANACO SERVYTUR CD DE MEXICO,Hoteles con otros servicios integrados,Ciudad de México
53,HOTEL PALACE,CANACO SERVYTUR CD DE MEXICO,Hoteles con otros servicios integrados,Ciudad de México
54,HOTEL FONTAN REFORMA,CANACO SERVYTUR CD DE MEXICO,Hoteles con otros servicios integrados,Ciudad de México
55,HOTEL COSTA BRAVA,CANACO SERVYTUR CD DE MEXICO,Hoteles con otros servicios integrados,Ciudad de México
56,INMOBILIARIA JEVI,CANACO SERVYTUR CD DE MEXICO,Hoteles con otros servicios integrados,Ciudad de México
57,ESMA,CANACO SERVYTUR CD DE MEXICO,Hoteles con otros servicios integrados,Ciudad de México
58,HOTEL JENA,CANACO SERVYTUR CD DE MEXICO,Hoteles con otros servicios integrados,Ciudad de México
59,OPERADORA RENDON,CANACO SERVYTUR CD DE MEXICO,Hoteles con otros servicios integrados,Ciudad de México
60,HOTEL ATLAMPA,CANACO SERVYTUR CD DE MEXICO,Hoteles con otros servicios integrados,Ciudad de México
61,HOTEL OXFORD,CANACO SERVYTUR CD DE MEXICO,Hoteles con otros servicios integrados,Ciudad de México
62,HOTELES FRIMONT,CANACO SERVYTUR CD DE MEXICO,Hoteles con otros servicios integrados,Ciudad de México
63,HOTELERA FLEMING,CANACO SERVYTUR CD DE MEXICO,Hoteles con otros servicios integrados,Ciudad de México
64,HOTEL FORNOS,CANACO SERVYTUR CD DE MEXICO,Hoteles con otros servicios integrados,Ciudad de México
65,HOTEL LA CASONA,CANACOPE SERVYTUR CD DE MEXICO,Hoteles con otros servicios integrados,Ciudad de México
66,HOTELERA COSTA AZUL,CANACO SERVYTUR CD DE MEXICO,Hoteles con otros servicios integrados,Ciudad de México
67,INMOBILIARIA FIPARO SA DE CV,CANACOPE SERVYTUR CD DE MEXICO,Hoteles con otros servicios integrados,Ciudad de México
68,PROMOCIONES TURISTICAS HERCA S.A. DE C.V.,CANACOPE SERVYTUR CD DE MEXICO,Hoteles con otros servicios integrados,Ciudad de México
69,HOTEL BRASILIA,CANACO SERVYTUR GUSTAVO A MADERO,Hoteles con otros servicios integrados,Ciudad de México
70,OPERADORA TORREMOLINOS,CANACO SERVYTUR CD DE MEXICO,Hoteles con otros servicios integrados,Ciudad de México
71,HOTEL 100 METROS,CANACO SERVYTUR GUSTAVO A MADERO,Hoteles con otros servicios integrados,Ciudad de México
72,HOTELERA TICOMAN PLAZA,CANACO SERVYTUR GUSTAVO A MADERO,Hoteles con otros servicios integrados,Ciudad de México
73,HOTEL DAFONTE,CANACO SERVYTUR CD DE MEXICO,Hoteles con otros servicios integrados,Ciudad de México
74,MAS SOL SA DE CV,CANACOPE SERVYTUR CD DE MEXICO,Hoteles con otros servicios integrados,Ciudad de México
75,"FONTE DO CARBALLO, S.A. DE C.V.",CANACOPE SERVYTUR CD DE MEXICO,Hoteles con otros servicios integrados,Ciudad de México
76,BOUTIQUE VIADUCTO S DE RL DE CV,CANACOPE SERVYTUR CD DE MEXICO,Hoteles con otros servicios integrados,Ciudad de México
77,SERVICIOS HOTELEROS METROPOLITANOS SA DE CV,CANACOPE SERVYTUR CD DE MEXICO,Hoteles con otros servicios integrados,Ciudad de México
78,HOTEL NECAXA SA,CANACOPE SERVYTUR CD DE MEXICO,Hoteles con otros servicios integrados,Ciudad de México
79,HOTELERA MACEDA,CANACO SERVYTUR CD DE MEXICO,Hoteles con otros servicios integrados,Ciudad de México
80,AUTO HOTEL LEGARÍA SA DE CV,CANACOPE SERVYTUR CD DE MEXICO,Hoteles con otros servicios integrados,Ciudad de México
81,HOTELERA PATRIOTISMO,CANACO SERVYTUR CD DE MEXICO,Hoteles con otros servicios integrados,Ciudad de México
82,HOTEL MONTE CASINO,CANACO SERVYTUR GUSTAVO A MADERO,Hoteles con otros servicios integrados,Ciudad de México
83,MOTEL LA FLOR,CANACO SERVYTUR GUSTAVO A MADERO,Hoteles con otros servicios integrados,Ciudad de México
84,HOTEL CIRCUITO,CANACO SERVYTUR GUSTAVO A MADERO,Hoteles con otros servicios integrados,Ciudad de México
85,HOTEL TALISMAN,CANACO SERVYTUR GUSTAVO A MADERO,Hoteles con otros servicios integrados,Ciudad de México
86,HOTEL HABITA SA DE CV,CANACOPE SERVYTUR CD DE MEXICO,Hoteles con otros servicios integrados,Ciudad de México
87,HOTELERA PLAZA DALI,CANACO SERVYTUR CD DE MEXICO,Hoteles con otros servicios integrados,Ciudad de México
88,HOTEL HABITA SA DE CV,CANACOPE SERVYTUR CD DE MEXICO,Hoteles con otros servicios integrados,Ciudad de México
89,HOTEL MONTREAL SA DE CV,CANACOPE SERVYTUR CD DE MEXICO,Hoteles con otros servicios integrados,Ciudad de México
90,PARAISO PERISUR,CANACO SERVYTUR CD DE MEXICO,Hoteles con otros servicios integrados,Ciudad de México
91,HR MC HOTEL COMPANY,CANACO SERVYTUR CD DE MEXICO,Hoteles con otros servicios integrados,Ciudad de México
92,HOTELERA TACUBAYA SA DE CV,CANACOPE SERVYTUR CD DE MEXICO,Hoteles con otros servicios integrados,Ciudad de México
93,HOTEL PARAISO DEL SUR,CANACO SERVYTUR CD DE MEXICO,Hoteles con otros servicios integrados,Ciudad de México
94,SERVICIOS DE HOTELERIA,CANACO SERVYTUR CD DE MEXICO,Hoteles con otros servicios integrados,Ciudad de México
95,HOTEL PICACHO SA DE CV,CANACOPE SERVYTUR CD DE MEXICO,Hoteles con otros servicios integrados,Ciudad de México
96,"HILTON GARDEN INN MEXICO, CITY SANTA FE",CANACO SERVYTUR ALVARO OBREGON,Hoteles con otros servicios integrados,Ciudad de México
97,"DOUBLETREE BY HILTON MEXICO, CITY SANTA FE",CANACO SERVYTUR ALVARO OBREGON,Hoteles con otros servicios integrados,Ciudad de México
98,HOTEL CAMPECHE,CANACO SERVYTUR CD DE MEXICO,Hoteles con otros servicios integrados,Ciudad de México
99,HOTEL HABITA SA DE CV,CANACOPE SERVYTUR CD DE MEXICO,Hoteles con otros servicios integrados,Ciudad de México
100,HOTEL HABITA SA DE CV,CANACOPE SERVYTUR CD DE MEXICO,Hoteles con otros servicios integrados,Ciudad de México
101,CARBATEL SA DE CV,CANACOPE SERVYTUR CD DE MEXICO,Hoteles con otros servicios integrados,Ciudad de México
102,HOTEL MUSEO,CANACO SERVYTUR CD DE MEXICO,Hoteles con otros servicios integrados,Ciudad de México
103,"SERVICIO MIRAVALLE, S.A. DE C.V.",CANACOPE SERVYTUR CD DE MEXICO,Hoteles con otros servicios integrados,Ciudad de México
104,HOSPEDAJES LA COMERCIAL,CANACO SERVYTUR CD DE MEXICO,Hoteles con otros servicios integrados,Ciudad de México
105,ARTEAGA ENRIQUEZ MANUEL ANTONIO,CANACO SERVYTUR CD DE MEXICO,Hoteles con otros servicios integrados,Ciudad de México
106,HOTEL EL GRECO,CANACO SERVYTUR CD DE MEXICO,Hoteles con otros servicios integrados,Ciudad de México
107,HOTEL PIRAMIDES,CANACO SERVYTUR CD DE MEXICO,Hoteles con otros servicios integrados,Ciudad de México
108,JARDINES DE CHURUBUSCO,CANACO SERVYTUR CD DE MEXICO,Hoteles con otros servicios integrados,Ciudad de México
109,INMOBILIARIA HOTELERA ORENSE,CANACO SERVYTUR CD DE MEXICO,Hoteles con otros servicios integrados,Ciudad de México
110,PARADOR REAL,CANACO SERVYTUR CD DE MEXICO,Hoteles con otros servicios integrados,Ciudad de México
111,ARRENDADORA E INMUEBLES SUIZA SA DE CV,CANACO SERVYTUR CD DE MEXICO,Hoteles con otros servicios integrados,Ciudad de México
112,HOTEL BUGAMBILIAS,CANACO SERVYTUR CD DE MEXICO,Hoteles con otros servicios integrados,Ciudad de México
113,PROMOCIONES TURISTICAS ABASTO SA DE CV,CANACOPE SERVYTUR CD DE MEXICO,Hoteles con otros servicios integrados,Ciudad de México
114,HOTELERA AGRICOLA,CANACO SERVYTUR CD DE MEXICO,Hoteles con otros servicios integrados,Ciudad de México
115,HOTELERA ESTRELLA DE ORIENTE,CANACO SERVYTUR CD DE MEXICO,Hoteles con otros servicios integrados,Ciudad de México
116,GARCAR,CANACO SERVYTUR CD DE MEXICO,Hoteles con otros servicios integrados,Ciudad de México
117,HOTEL APATLACO,CANACO SERVYTUR CD DE MEXICO,Hoteles con otros servicios integrados,Ciudad de México
118,HOTEL EL PATIO,CANACO SERVYTUR CD DE MEXICO,Hoteles con otros servicios integrados,Ciudad de México
119,OPERADORA VISTA ALEGRE,CANACO SERVYTUR CD DE MEXICO,Hoteles con otros servicios integrados,Ciudad de México
120,HOTELERA COBAS,CANACO SERVYTUR CD DE MEXICO,Hoteles con otros servicios integrados,Ciudad de México
121,HOTEL BELLINI,CANACO SERVYTUR CD DE MEXICO,Hoteles con otros servicios integrados,Ciudad de México
122,HOTEL TEXAS,CANACO SERVYTUR CD DE MEXICO,Hoteles con otros servicios integrados,Ciudad de México
123,HOTEL PRINCIPAL,CANACO SERVYTUR CD DE MEXICO,Hoteles con otros servicios integrados,Ciudad de México
124,HOTEL RUVAL,CANACO SERVYTUR CD DE MEXICO,Hoteles con otros servicios integrados,Ciudad de México
125,HOTELERA NORTEÑA,CANACO SERVYTUR CD DE MEXICO,Hoteles con otros servicios integrados,Ciudad de México
126,HOTEL ESTRELLA,CANACO SERVYTUR CD DE MEXICO,Hoteles con otros servicios integrados,Ciudad de México
127,ADMINISTRADORA HOTELERA LAS VEGAS,CANACO SERVYTUR CD DE MEXICO,Hoteles con otros servicios integrados,Ciudad de México
128,HOTEL NARVAEZ,CANACO SERVYTUR CD DE MEXICO,Hoteles con otros servicios integrados,Ciudad de México
129,HOTEL ATLANTA,CANACO SERVYTUR CD DE MEXICO,Hoteles con otros servicios integrados,Ciudad de México
130,HOTEL JEREZ,CANACO SERVYTUR CD DE MEXICO,Hoteles con otros servicios integrados,Ciudad de México
131,HOTELERA Y OPERADORA SOL,CANACO SERVYTUR CD DE MEXICO,Hoteles con otros servicios integrados,Ciudad de México
132,HOTELERA CELTA,CANACO SERVYTUR CD DE MEXICO,Hoteles con otros servicios integrados,Ciudad de México
133,HOTEL PRO HOGAR,CANACO SERVYTUR CD DE MEXICO,Hoteles con otros servicios integrados,Ciudad de México
134,HOTELERA REVOLUCION,CANACO SERVYTUR CD DE MEXICO,Hoteles con otros servicios integrados,Ciudad de México
135,HOSPEDAJES LA COMERCIAL,CANACO SERVYTUR CD DE MEXICO,Hoteles con otros servicios integrados,Ciudad de México
136,HOTEL PARAISO,CANACO SERVYTUR CD DE MEXICO,Hoteles con otros servicios integrados,Ciudad de México
137,HOTEL MONACO,CANACO SERVYTUR CD DE MEXICO,Hoteles con otros servicios integrados,Ciudad de México
138,HOTELERA ARTES SA,CANACOPE SERVYTUR CD DE MEXICO,Hoteles con otros servicios integrados,Ciudad de México
139,HOTEL VIENA,CANACO SERVYTUR CD DE MEXICO,Hoteles con otros servicios integrados,Ciudad de México
140,HOTEL MONARCA,CANACO SERVYTUR CD DE MEXICO,Hoteles con otros servicios integrados,Ciudad de México
141,HOTEL MEXICALI,CANACOPE SERVYTUR CD DE MEXICO,Hoteles con otros servicios integrados,Ciudad de México
142,HOSPEDAJE SIN NOMBRE,CANACO SERVYTUR CD DE MEXICO,Hoteles con otros servicios integrados,Ciudad de México
143,INMOBILIARIA LUIS MOYA,CANACO SERVYTUR CD DE MEXICO,Hoteles con otros servicios integrados,Ciudad de México
144,HOTELERA AZTECA,CANACO SERVYTUR CD DE MEXICO,Hoteles con otros servicios integrados,Ciudad de México
145,HOTEL SIN NOMBRE,CANACO SERVYTUR CD DE MEXICO,Hoteles con otros servicios integrados,Ciudad de México
146,HOTEL EL CID,CANACO SERVYTUR GUSTAVO A MADERO,Hoteles con otros servicios integrados,Ciudad de México
147,HOTELERA GOAL,CANACO SERVYTUR CD DE MEXICO,Hoteles con otros servicios integrados,Ciudad de México
148,CASA AUGUSTO,CANACO SERVYTUR CD DE MEXICO,Hoteles con otros servicios integrados,Ciudad de México
149,HOTEL MARTI,CANACO SERVYTUR CD DE MEXICO,Hoteles con otros servicios integrados,Ciudad de México
150,HOTEL ROSAS MORENO,CANACO SERVYTUR CD DE MEXICO,Hoteles con otros servicios integrados,Ciudad de México
151,HOSPEDAJES LA COMERCIAL,CANACO SERVYTUR CD DE MEXICO,Hoteles con otros servicios integrados,Ciudad de México
152,HOSPEDAJES LA COMERCIAL,CANACO SERVYTUR CD DE MEXICO,Hoteles con otros servicios integrados,Ciudad de México
153,HOTEL SIN NOMBRE,CANACO SERVYTUR CD DE MEXICO,Hoteles con otros servicios integrados,Ciudad de México
154,"HOTEL ""SAN MARCOS""",CANACOPE SERVYTUR CD DE MEXICO,Hoteles con otros servicios integrados,Ciudad de México
155,HOTEL NAVIO,CANACO SERVYTUR CD DE MEXICO,Hoteles con otros servicios integrados,Ciudad de México
156,HOTEL BALBUENA,CANACO SERVYTUR CD DE MEXICO,Hoteles con otros servicios integrados,Ciudad de México
157,HOTELERA RUBI,CANACO SERVYTUR CD DE MEXICO,Hoteles con otros servicios integrados,Ciudad de México
158,HOTEL PLATINO,CANACO SERVYTUR CD DE MEXICO,Hoteles con otros servicios integrados,Ciudad de México
159,PROMOTORA INMOBILIARIA REMINGSTON,CANACO SERVYTUR CD DE MEXICO,Hoteles con otros servicios integrados,Ciudad de México
160,INMOBILIARIA ALCOSA,CANACO SERVYTUR CD DE MEXICO,Hoteles con otros servicios integrados,Ciudad de México
161,ARRENDADORA DE INMUEBLES SAN LUCAS,CANACO SERVYTUR CD DE MEXICO,Hoteles con otros servicios integrados,Ciudad de México
162,SUITES EMBASSY SA DE CV,CANACO SERVYTUR CD DE MEXICO,Hoteles con otros servicios integrados,Ciudad de México
163,HOTEL LA VADA,CANACO SERVYTUR GUSTAVO A MADERO,Hoteles con otros servicios integrados,Ciudad de México
164,HOTEL MEDITERRANEO,CANACO SERVYTUR CD DE MEXICO,Hoteles con otros servicios integrados,Ciudad de México
165,FIESTA INN,CANACOPE SERVYTUR CD DE MEXICO,Hoteles con otros servicios integrados,Ciudad de México
166,SERVICIOS ADMINISTRATIVOS POSADAS SA DE CCV,CANACOPE SERVYTUR CD DE MEXICO,Hoteles con otros servicios integrados,Ciudad de México
167,HOTEL CORONA,CANACO SERVYTUR CD DE MEXICO,Hoteles con otros servicios integrados,Ciudad de México
168,DISEÑO 4.13,CANACO SERVYTUR CD DE MEXICO,Hoteles con otros servicios integrados,Ciudad de México
169,DOUBLÉ TREE BY HILTON CITY SANTA FE,CANACO SERVYTUR ALVARO OBREGON,Hoteles con otros servicios integrados,Ciudad de México
170,HOTEL LA PALOMA,CANACO SERVYTUR CD DE MEXICO,Hoteles con otros servicios integrados,Ciudad de México
171,LORETO INMUEBLES,CANACO SERVYTUR CD DE MEXICO,Hoteles con otros servicios integrados,Ciudad de México
172,HILTON GARDEN INN MEXICO CITY SANTA FE,CANACO SERVYTUR ALVARO OBREGON,Hoteles con otros servicios integrados,Ciudad de México
173,"OPERADORA HOTELERA BRISAS, S.A. DE C.V.",CANACOPE SERVYTUR CD DE MEXICO,Hoteles con otros servicios integrados,Ciudad de México
174,MUNDO JOVEN TRAVEL SHOP,CANACO SERVYTUR CD DE MEXICO,Hoteles con otros servicios integrados,Ciudad de México
175,HOTELERA MOSQUETA,CANACO SERVYTUR CD DE MEXICO,Hoteles con otros servicios integrados,Ciudad de México
176,HOTEL UNICO,CANACO SERVYTUR CD DE MEXICO,Hoteles con otros servicios integrados,Ciudad de México
177,OPERADORA DE SERVICIOS PARA HOTELES DE LUJO SA DE CV,CANACOPE SERVYTUR CD DE MEXICO,Hoteles con otros servicios integrados,Ciudad de México
178,TACUBA GABES,CANACO SERVYTUR CD DE MEXICO,Hoteles con otros servicios integrados,Ciudad de México
179,HOTEL ZAMORA,CANACO SERVYTUR CD DE MEXICO,Hoteles con otros servicios integrados,Ciudad de México
180,BAROES,CANACO SERVYTUR CD DE MEXICO,Hoteles con otros servicios integrados,Ciudad de México
181,HOTEL H5533 SA DE CV,CANACOPE SERVYTUR CD DE MEXICO,Hoteles con otros servicios integrados,Ciudad de México
182,OPERADORA HOTELERA,CANACO SERVYTUR CD DE MEXICO,Hoteles con otros servicios integrados,Ciudad de México
183,HOTELERA PARMA,CANACO SERVYTUR CD DE MEXICO,Hoteles con otros servicios integrados,Ciudad de México
184,HOTEL DILIGENCIAS,CANACO SERVYTUR CD DE MEXICO,Hoteles con otros servicios integrados,Ciudad de México
185,OPERADORA ROSAS MORENO,CANACO SERVYTUR CD DE MEXICO,Hoteles con otros servicios integrados,Ciudad de México
186,INMOBILIARIA NAVA,CANACO SERVYTUR CD DE MEXICO,Hoteles con otros servicios integrados,Ciudad de México
187,STARWOOD MEXICO SEVICIOS COMPARTIDOS,CANACO SERVYTUR CD DE MEXICO,Hoteles con otros servicios integrados,Ciudad de México
188,INMOBILIARIA TABACALERA,CANACO SERVYTUR CD DE MEXICO,Hoteles con otros servicios integrados,Ciudad de México
189,OPERADORA BOULEVARD PLAZA,CANACO SERVYTUR CD DE MEXICO,Hoteles con otros servicios integrados,Ciudad de México
190,OPERADORA HOTELERA LA RAZA,CANACO SERVYTUR CD DE MEXICO,Hoteles con otros servicios integrados,Ciudad de México
191,GRUPO PASADAS,CANACO SERVYTUR CD DE MEXICO,Hoteles con otros servicios integrados,Ciudad de México
192,"CONSORCIO HOTELERO ABE, S.A. DE C.V.",CANACO SERVYTUR ALVARO OBREGON,Hoteles con otros servicios integrados,Ciudad de México
193,HOTELERA NACIONAL,CANACO SERVYTUR CD DE MEXICO,Hoteles con otros servicios integrados,Ciudad de México
194,OPERADORA E&E,CANACO SERVYTUR CD DE MEXICO,Hoteles con otros servicios integrados,Ciudad de México
195,GRUPO POSADAS,CANACO SERVYTUR CD DE MEXICO,Hoteles con otros servicios integrados,Ciudad de México
196,PONTE,CANACO SERVYTUR CD DE MEXICO,Hoteles con otros servicios integrados,Ciudad de México
197,HOTEL PIRAMIDES,CANACO SERVYTUR CD DE MEXICO,Hoteles con otros servicios integrados,Ciudad de México
198,S N T M M S R M,CANACO SERVYTUR CD DE MEXICO,Hoteles con otros servicios integrados,Ciudad de México
199,NOGUEIRA SA DE CV,CANACOPE SERVYTUR CD DE MEXICO,Hoteles con otros servicios integrados,Ciudad de México
200,HOTELES SHERATON,CANACO SERVYTUR CD DE MEXICO,Hoteles con otros servicios integrados,Ciudad de México
201,ADMINISTRADORA H HUATULCO,CANACO SERVYTUR CD DE MEXICO,Hoteles con otros servicios integrados,Ciudad de México
202,HOSPEDAJES LA COMERCIAL,CANACO SERVYTUR CD DE MEXICO,Hoteles con otros servicios integrados,Ciudad de México
203,MILLORA,CANACO SERVYTUR CD DE MEXICO,Hoteles con otros servicios integrados,Ciudad de México
204,SHERATON,CANACO SERVYTUR CD DE MEXICO,Hoteles con otros servicios integrados,Ciudad de México
205,ESMA,CANACO SERVYTUR CD DE MEXICO,Hoteles con otros servicios integrados,Ciudad de México
206,INMOBILIARIA FRANCAR,CANACO SERVYTUR CD DE MEXICO,Hoteles con otros servicios integrados,Ciudad de México
207,OPERADORA HOTELERA LA RAZA,CANACO SERVYTUR CD DE MEXICO,Hoteles con otros servicios integrados,Ciudad de México
208,FIESTA INN AEROPUERTO CIUDAD DE MEXICO,CANACO SERVYTUR CD DE MEXICO,Hoteles con otros servicios integrados,Ciudad de México
209,REFORMA BR,CANACO SERVYTUR CD DE MEXICO,Hoteles con otros servicios integrados,Ciudad de México
210,FIDEICOMISO F 1596,CANACOPE SERVYTUR CD DE MEXICO,Hoteles con otros servicios integrados,Ciudad de México
211,IMPULSORA MEXICANA DE HOTELES,CANACO SERVYTUR CD DE MEXICO,Hoteles con otros servicios integrados,Ciudad de México
212,HOTEL URUPIN,CANACO SERVYTUR CD DE MEXICO,Hoteles con otros servicios integrados,Ciudad de México
213,TURISMO CON PASION S DE RL DE CV,CANACOPE SERVYTUR CD DE MEXICO,Hoteles con otros servicios integrados,Ciudad de México
214,ALBACETE,CANACO SERVYTUR CD DE MEXICO,Hoteles con otros servicios integrados,Ciudad de México
215,HOSPEDAJES LA COMERCIAL,CANACO SERVYTUR CD DE MEXICO,Hoteles con otros servicios integrados,Ciudad de México
216,DESARROLLOS URBANOS DUVIPAMEX,CANACO SERVYTUR CD DE MEXICO,Hoteles con otros servicios integrados,Ciudad de México
217,HOTEL PANUCO,CANACO SERVYTUR CD DE MEXICO,Hoteles con otros servicios integrados,Ciudad de México
218,TURISMO CON PASION,CANACO SERVYTUR CD DE MEXICO,Hoteles con otros servicios integrados,Ciudad de México
219,HOTEL LECTUS,CANACO SERVYTUR CD DE MEXICO,Hoteles con otros servicios integrados,Ciudad de México
220,OPERADORA DE HOTELES CITY EXPRESS,CANACO SERVYTUR CD DE MEXICO,Hoteles con otros servicios integrados,Ciudad de México
221,JW MARRIOTT HOTEL MEXICO CITY,CANACO SERVYTUR CD DE MEXICO,Hoteles con otros servicios integrados,Ciudad de México
222,HOTELERA DANIEL,CANACO SERVYTUR CD DE MEXICO,Hoteles con otros servicios integrados,Ciudad de México
223,,CANACOPE SERVYTUR CD DE MEXICO,Hoteles con otros servicios integrados,Ciudad de México
224,HOTEL GUADALAJARA,CANACO SERVYTUR CD DE MEXICO,Hoteles con otros servicios integrados,Ciudad de México
225,HOTEL BARCELO,CANACO SERVYTUR CD DE MEXICO,Hoteles con otros servicios integrados,Ciudad de México
226,CONGREGACION DE HOTELES VILLA HERMOSA,CANACO SERVYTUR CD DE MEXICO,Hoteles con otros servicios integrados,Ciudad de México
227,MBC HOTELS,CANACO SERVYTUR CD DE MEXICO,Hoteles con otros servicios integrados,Ciudad de México
228,FIESTA INN,CANACO SERVYTUR CD DE MEXICO,Hoteles con otros servicios integrados,Ciudad de México
229,PROMOTORA TURISTICA BALES,CANACO SERVYTUR CD DE MEXICO,Hoteles con otros servicios integrados,Ciudad de México
230,HOTEL ELITE,CANACO SERVYTUR CD DE MEXICO,Hoteles con otros servicios integrados,Ciudad de México
231,HOTELERA AZTECA,CANACO SERVYTUR CD DE MEXICO,Hoteles con otros servicios integrados,Ciudad de México
232,HOTELES ROMANO,CANACO SERVYTUR CD DE MEXICO,Hoteles con otros servicios integrados,Ciudad de México
233,TRES DIAMANTES,CANACO SERVYTUR CD DE MEXICO,Hoteles con otros servicios integrados,Ciudad de México
234,HOTEL SIN NOMBRE,CANACOPE SERVYTUR CD DE MEXICO,Hoteles con otros servicios integrados,Ciudad de México
235,GARCAR,CANACO SERVYTUR CD DE MEXICO,Hoteles con otros servicios integrados,Ciudad de México
236,GRUPO POSADAS,CANACO SERVYTUR CD DE MEXICO,Hoteles con otros servicios integrados,Ciudad de México
237,HOSPEDAJES LA COMERCIAL,CANACO SERVYTUR CD DE MEXICO,Hoteles con otros servicios integrados,Ciudad de México
238,HOTEL FIESTA AMERICANA,CANACO SERVYTUR CD DE MEXICO,Hoteles con otros servicios integrados,Ciudad de México
239,EUROSUITES,CANACO SERVYTUR CD DE MEXICO,Hoteles con otros servicios integrados,Ciudad de México
240,HOTELERA ROYALTY,CANACO SERVYTUR CD DE MEXICO,Hoteles con otros servicios integrados,Ciudad de México
241,HOTEL MAZOY,CANACO SERVYTUR CD DE MEXICO,Hoteles con otros servicios integrados,Ciudad de México
242,SUITES AMBERES,CANACO SERVYTUR CD DE MEXICO,Hoteles con otros servicios integrados,Ciudad de México
243,HOTEL SIN NOMBRE,CANACO SERVYTUR CD DE MEXICO,Hoteles con otros servicios integrados,Ciudad de México
244,HOTELERA AGRICOLA,CANACO SERVYTUR CD DE MEXICO,Hoteles con otros servicios integrados,Ciudad de México
245,INMOBILIARIA VALLEJO,CANACO SERVYTUR CD DE MEXICO,Hoteles con otros servicios integrados,Ciudad de México
246,MOTEL ERMITA,CANACO SERVYTUR CD DE MEXICO,Hoteles con otros servicios integrados,Ciudad de México
247,"HOTELERIA MUIÑOS, S.A. DE C.V.",CANACOPE SERVYTUR CD DE MEXICO,Hoteles con otros servicios integrados,Ciudad de México
248,HOTELERA PIRAMIDES,CANACO SERVYTUR CD DE MEXICO,Hoteles con otros servicios integrados,Ciudad de México
249,INMOBILIARIA HOTELERA CASA BLANCA,CANACO SERVYTUR CD DE MEXICO,Hoteles con otros servicios integrados,Ciudad de México
250,HOTELERA IZAZAGA,CANACO SERVYTUR CD DE MEXICO,Hoteles con otros servicios integrados,Ciudad de México
251,LOMBA,CANACO SERVYTUR CD DE MEXICO,Hoteles con otros servicios integrados,Ciudad de México
252,CASA DE HUESPEDES,CANACO SERVYTUR CD DE MEXICO,Hoteles con otros servicios integrados,Ciudad de México
253,FIDEICOMISO F 1596,CANACOPE SERVYTUR CD DE MEXICO,Hoteles con otros servicios integrados,Ciudad de México
254,HOTEL SUITES SAN MARINO,CANACO SERVYTUR CD DE MEXICO,Hoteles con otros servicios integrados,Ciudad de México
255,OPERADORA SONORA,CANACO SERVYTUR CD DE MEXICO,Hoteles con otros servicios integrados,Ciudad de México
256,HOTEL KENNEDY,CANACO SERVYTUR CD DE MEXICO,Hoteles con otros servicios integrados,Ciudad de México
257,TURISMO CON PASION,CANACO SERVYTUR CD DE MEXICO,Hoteles con otros servicios integrados,Ciudad de México
258,HOTEL CIRCUITO SA DE CV,CANACO SERVYTUR GUSTAVO A MADERO,Hoteles con otros servicios integrados,Ciudad de México
259,VILLAS TLAHUAC,CANACO SERVYTUR CD DE MEXICO,Hoteles con otros servicios integrados,Ciudad de México
260,HOTEL 13-A,CANACO SERVYTUR CD DE MEXICO,Hoteles con otros servicios integrados,Ciudad de México
261,HOTEL MAZATLAN,CANACO SERVYTUR CD DE MEXICO,Hoteles con otros servicios integrados,Ciudad de México
262,HOSPEDAJES LA COMERCIAL,CANACO SERVYTUR CD DE MEXICO,Hoteles con otros servicios integrados,Ciudad de México
263,"TROULA 40, S.A. DE C.V.",CANACOPE SERVYTUR CD DE MEXICO,Hoteles con otros servicios integrados,Ciudad de México
264,HOTEL SANTANDER,CANACO SERVYTUR CD DE MEXICO,Hoteles con otros servicios integrados,Ciudad de México
265,HOTEL MIGUEL ANGEL,CANACO SERVYTUR CD DE MEXICO,Hoteles con otros servicios integrados,Ciudad de México
266,QUIROOCAN,CANACO SERVYTUR CD DE MEXICO,Hoteles con otros servicios integrados,Ciudad de México
267,HOSPEDAJES LA COMERCIAL,CANACO SERVYTUR CD DE MEXICO,Hoteles con otros servicios integrados,Ciudad de México
268,S.N.T.M.M.S.R.M.,CANACO SERVYTUR CD DE MEXICO,Hoteles con otros servicios integrados,Ciudad de México
269,HOTEL VERONA,CANACO SERVYTUR CD DE MEXICO,Hoteles con otros servicios integrados,Ciudad de México
270,HOTEL CALIFORNIA,CANACO SERVYTUR CD DE MEXICO,Hoteles con otros servicios integrados,Ciudad de México
271,HOTEL CONTINENTAL MEXICANO,CANACO SERVYTUR CD DE MEXICO,Hoteles con otros servicios integrados,Ciudad de México
272,CASAL ALEN ROSENDO,CANACO SERVYTUR CD DE MEXICO,Hoteles con otros servicios integrados,Ciudad de México
273,HOSTAL CIUDAD DE MEXICO,CANACO SERVYTUR CD DE MEXICO,Hoteles con otros servicios integrados,Ciudad de México
274,OPERADORA HOTELERA MICHELANGELO,CANACO SERVYTUR CD DE MEXICO,Hoteles con otros servicios integrados,Ciudad de México
275,"ADMINISTRADORA DE HOTELES COMONFORT, S.A.",CANACOPE SERVYTUR CD DE MEXICO,Hoteles con otros servicios integrados,Ciudad de México
276,HOTEL DEL PARQUE,CANACO SERVYTUR CD DE MEXICO,Hoteles con otros servicios integrados,Ciudad de México
277,HOTEL ONE,CANACOPE SERVYTUR CD DE MEXICO,Hoteles con otros servicios integrados,Ciudad de México
278,HOTEL GALVAS,CANACO SERVYTUR CD DE MEXICO,Hoteles con otros servicios integrados,Ciudad de México
279,HOTEL MEXICO,CANACO SERVYTUR CD DE MEXICO,Hoteles con otros servicios integrados,Ciudad de México
280,OPERADORA ROOM MATE MEXICO,CANACO SERVYTUR CD DE MEXICO,Hoteles con otros servicios integrados,Ciudad de México
281,HOTEL MORELIA,CANACO SERVYTUR CD DE MEXICO,Hoteles con otros servicios integrados,Ciudad de México
282,ESMA,CANACO SERVYTUR CD DE MEXICO,Hoteles con otros servicios integrados,Ciudad de México
283,HOTEL SIESTA DEL SUR,CANACO SERVYTUR CD DE MEXICO,Hoteles con otros servicios integrados,Ciudad de México
284,FONTE DO CARBALLO,CANACO SERVYTUR CD DE MEXICO,Hoteles con otros servicios integrados,Ciudad de México
285,SERVICIO MIRAVALLE,CANACO SERVYTUR CD DE MEXICO,Hoteles con otros servicios integrados,Ciudad de México
286,INMOBILIARIA MILLOALTO,CANACO SERVYTUR CD DE MEXICO,Hoteles con otros servicios integrados,Ciudad de México
287,HOTELES FRIMONT SA,CANACOPE SERVYTUR CD DE MEXICO,Hoteles con otros servicios integrados,Ciudad de México
288,OPERADORA HOTELERA ROYAL,CANACO SERVYTUR CD DE MEXICO,Hoteles con otros servicios integrados,Ciudad de México
289,HOTEL FARIAS,CANACO SERVYTUR CD DE MEXICO,Hoteles con otros servicios integrados,Ciudad de México
290,AGARIMOS,CANACO SERVYTUR CD DE MEXICO,Hoteles con otros servicios integrados,Ciudad de México
291,INMOBILIARIA HOTELERA ORENSE,CANACO SERVYTUR CD DE MEXICO,Hoteles con otros servicios integrados,Ciudad de México
292,HOTELERIA DE LA PARRA,CANACO SERVYTUR CD DE MEXICO,Hoteles con otros servicios integrados,Ciudad de México
293,HOTEL LA MILPA CENTENARIO,CANACO SERVYTUR GUSTAVO A MADERO,Hoteles con otros servicios integrados,Ciudad de México
294,HOSPEDAJES ROMO,CANACO SERVYTUR CD DE MEXICO,Hoteles con otros servicios integrados,Ciudad de México
295,ABECOR,CANACO SERVYTUR CD DE MEXICO,Hoteles con otros servicios integrados,Ciudad de México
296,OPERADORA ALRO,CANACO SERVYTUR CD DE MEXICO,Hoteles con otros servicios integrados,Ciudad de México
297,HOTELES Y TRANSPORTES DEL CIELO,CANACO SERVYTUR CD DE MEXICO,Hoteles con otros servicios integrados,Ciudad de México
298,PROMOTORA DE HOTELES MIXHUCA,CANACO SERVYTUR CD DE MEXICO,Hoteles con otros servicios integrados,Ciudad de México
299,HOTEL H5533,CANACO SERVYTUR CD DE MEXICO,Hoteles con otros servicios integrados,Ciudad de México
300,ADMINISTRACIONES CEDRO,CANACO SERVYTUR CD DE MEXICO,Hoteles con otros servicios integrados,Ciudad de México
301,HOTELITO SAN RAFAEL,CANACO SERVYTUR CD DE MEXICO,Hoteles con otros servicios integrados,Ciudad de México
302,FIESTA INN FORUM BUENA VISTA,CANACO SERVYTUR CD DE MEXICO,Hoteles con otros servicios integrados,Ciudad de México
303,HOTEL ZAMORA,CANACO SERVYTUR CD DE MEXICO,Hoteles con otros servicios integrados,Ciudad de México
304,HOTEL COSTA AZUL,CANACO SERVYTUR CD DE MEXICO,Hoteles con otros servicios integrados,Ciudad de México
305,HOTEL MEXICO,CANACO SERVYTUR CD DE MEXICO,Hoteles con otros servicios integrados,Ciudad de México
306,OPERADORA REFORMA AVENUE,CANACO SERVYTUR CD DE MEXICO,Hoteles con otros servicios integrados,Ciudad de México
307,HOSTAL SIN NOMBRE,CANACO SERVYTUR CD DE MEXICO,Hoteles con otros servicios integrados,Ciudad de México
308,SEVI,CANACO SERVYTUR CD DE MEXICO,Hoteles con otros servicios integrados,Ciudad de México
309,ABECOR,CANACO SERVYTUR CD DE MEXICO,Hoteles con otros servicios integrados,Ciudad de México
310,"ANDURIÑA, S.A. DE C.V.",CANACOPE SERVYTUR CD DE MEXICO,Hoteles con otros servicios integrados,Ciudad de México
311,HOTEL ROYAL,CANACO SERVYTUR CD DE MEXICO,Hoteles con otros servicios integrados,Ciudad de México
312,HOTEL PANUCO,CANACO SERVYTUR CD DE MEXICO,Hoteles con otros servicios integrados,Ciudad de México
313,HOTELERIA MUÑOS,CANACO SERVYTUR CD DE MEXICO,Hoteles con otros servicios integrados,Ciudad de México
314,"VIADU, S.A. DE C.V.",CANACOPE SERVYTUR CD DE MEXICO,Hoteles con otros servicios integrados,Ciudad de México
315,ARRENDAMIENTO ESPECIALIZADO TURISTICO SA DE CV,CANACOPE SERVYTUR CD DE MEXICO,Hoteles con otros servicios integrados,Ciudad de México
316,UNION IMPULSORA DE HOTELES,CANACO SERVYTUR CD DE MEXICO,Hoteles con otros servicios integrados,Ciudad de México
317,"PATACAS, S.A. DE C.V.",CANACOPE SERVYTUR CD DE MEXICO,Hoteles con otros servicios integrados,Ciudad de México
318,HOTEL SANTANDER,CANACO SERVYTUR CD DE MEXICO,Hoteles con otros servicios integrados,Ciudad de México
319,HOTELO PICACHO SA DE CV,CANACOPE SERVYTUR CD DE MEXICO,Hoteles con otros servicios integrados,Ciudad de México
320,OPERADORA DE HOTELES SAMARA,CANACO SERVYTUR CD DE MEXICO,Hoteles con otros servicios integrados,Ciudad de México
321,OPERADORA HOTELERA IBA,CANACO SERVYTUR CD DE MEXICO,Hoteles con otros servicios integrados,Ciudad de México
322,HOTEL QUINTA RUBI,CANACO SERVYTUR CD DE MEXICO,Hoteles con otros servicios integrados,Ciudad de México
323,,CANACOPE SERVYTUR CD DE MEXICO,Hoteles con otros servicios integrados,Ciudad de México
324,ASR INMOBILIARIA SA DE CV,CANACOPE SERVYTUR CD DE MEXICO,Hoteles con otros servicios integrados,Ciudad de México
325,"INMOBILIARIA Y ADMINISTRADORA TRES NACIONES, S.A. DE C.V.",CANACOPE SERVYTUR CD DE MEXICO,Hoteles con otros servicios integrados,Ciudad de México
326,HOTEL SIN NOMBRE,CANACO SERVYTUR CD DE MEXICO,Hoteles con otros servicios integrados,Ciudad de México
327,HOTEL METROPOL,CANACO SERVYTUR CD DE MEXICO,Hoteles con otros servicios integrados,Ciudad de México
328,HOSPEDAJES DEL CENTRO,CANACO SERVYTUR CD DE MEXICO,Hoteles con otros servicios integrados,Ciudad de México
329,OPERADORA ESCANDON,CANACO SERVYTUR CD DE MEXICO,Hoteles con otros servicios integrados,Ciudad de México
330,FIDEICOMISO F/1596,CANACOPE SERVYTUR CD DE MEXICO,Hoteles con otros servicios integrados,Ciudad de México
331,HOTELERA DEL CENTRO,CANACO SERVYTUR CD DE MEXICO,Hoteles con otros servicios integrados,Ciudad de México
332,INMOBILIARIA LOA AREVALOS SA DE CV,CANACOPE SERVYTUR CD DE MEXICO,Hoteles con otros servicios integrados,Ciudad de México
333,HOTEL LE MERIDIEN,CANACO SERVYTUR CD DE MEXICO,Hoteles con otros servicios integrados,Ciudad de México
334,HOTELERA GUVI SA DE CV,CANACOPE SERVYTUR CD DE MEXICO,Hoteles con otros servicios integrados,Ciudad de México
335,,CANACOPE SERVYTUR CD DE MEXICO,Hoteles con otros servicios integrados,Ciudad de México
336,OPERADORA DE HOTELES PEREIRO,CANACO SERVYTUR CD DE MEXICO,Hoteles con otros servicios integrados,Ciudad de México
337,OPERADORA HOTEL CENTRO HISTORICO,CANACO SERVYTUR CD DE MEXICO,Hoteles con otros servicios integrados,Ciudad de México
338,SOLUMA SA DE CV,CANACOPE SERVYTUR CD DE MEXICO,Hoteles con otros servicios integrados,Ciudad de México
339,BLOCK SUITES,CANACO SERVYTUR CD DE MEXICO,Hoteles con otros servicios integrados,Ciudad de México
340,HOTEL PRINCIPAL,CANACO SERVYTUR CD DE MEXICO,Hoteles con otros servicios integrados,Ciudad de México
341,AMUEBLADOS COLONIA DEL VALLE,CANACO SERVYTUR CD DE MEXICO,Hoteles con otros servicios integrados,Ciudad de México
342,HOTEL MX ROMA,CANACO SERVYTUR CD DE MEXICO,Hoteles con otros servicios integrados,Ciudad de México
343,"CADENA HOTELERA H DE A, SA DE CV",CANACOPE SERVYTUR CD DE MEXICO,Hoteles con otros servicios integrados,Ciudad de México
344,VILLAS TLAHUAC,CANACO SERVYTUR CD DE MEXICO,Hoteles con otros servicios integrados,Ciudad de México
345,INMOBILIARIA TULYEHUALCO,CANACO SERVYTUR CD DE MEXICO,Hoteles con otros servicios integrados,Ciudad de México
346,LAXAS,CANACO SERVYTUR CD DE MEXICO,Hoteles con otros servicios integrados,Ciudad de México
347,BECOÑA,CANACO SERVYTUR CD DE MEXICO,Hoteles con otros servicios integrados,Ciudad de México
348,HOTEL EL GRECO,CANACO SERVYTUR CD DE MEXICO,Hoteles con otros servicios integrados,Ciudad de México
349,ESTANCIAS EXTENDIDAS,CANACO SERVYTUR CD DE MEXICO,Hoteles con otros servicios integrados,Ciudad de México
350,HOTEL SIN NOMBRE,CANACO SERVYTUR CD DE MEXICO,Hoteles con otros servicios integrados,Ciudad de México
351,HOTEL RIVIERA,CANACO SERVYTUR CD DE MEXICO,Hoteles con otros servicios integrados,Ciudad de México
352,HOTELERIA RUBI,CANACO SERVYTUR CD DE MEXICO,Hoteles con otros servicios integrados,Ciudad de México
353,HOTEL TOLEDO,CANACO SERVYTUR CD DE MEXICO,Hoteles con otros servicios integrados,Ciudad de México
354,HOTELERA PLAZA DALI,CANACO SERVYTUR CD DE MEXICO,Hoteles con otros servicios integrados,Ciudad de México
355,HOTEL SIN NOMBRE,CANACO SERVYTUR CD DE MEXICO,Hoteles con otros servicios integrados,Ciudad de México
356,HOSPEDAJES LA COMERCIAL,CANACO SERVYTUR CD DE MEXICO,Hoteles con otros servicios integrados,Ciudad de México
357,HOTEL COSTA BRAVA,CANACO SERVYTUR GUSTAVO A MADERO,Hoteles con otros servicios integrados,Ciudad de México
358,IMPULSORA PLAZA CELAYA SA DE CV,CANACOPE SERVYTUR CD DE MEXICO,Hoteles con otros servicios integrados,Ciudad de México
359,"PEDRAS, S.A. DE C.V.",CANACOPE SERVYTUR CD DE MEXICO,Hoteles con otros servicios integrados,Ciudad de México
360,HOTEL VILLAS PANAMA,CANACO SERVYTUR CD DE MEXICO,Hoteles con otros servicios integrados,Ciudad de México
361,MORANIN,CANACO SERVYTUR CD DE MEXICO,Hoteles con otros servicios integrados,Ciudad de México
362,OPERADORA TURISTICA PREMIUM,CANACO SERVYTUR CD DE MEXICO,Hoteles con otros servicios integrados,Ciudad de México
363,"REDUSO, S.A. DE C.V.",CANACOPE SERVYTUR CD DE MEXICO,Hoteles con otros servicios integrados,Ciudad de México
364,HOTEL BERVELY,CANACO SERVYTUR CD DE MEXICO,Hoteles con otros servicios integrados,Ciudad de México
365,HOTEL VERMONT,CANACO SERVYTUR CD DE MEXICO,Hoteles con otros servicios integrados,Ciudad de México
366,HOTEL SORA SA DE CV,CANACOPE SERVYTUR CD DE MEXICO,Hoteles con otros servicios integrados,Ciudad de México
367,FIDEICOMISO F/1596,CANACOPE SERVYTUR CD DE MEXICO,Hoteles con otros servicios integrados,Ciudad de México
368,HOTEL ESTRELLA DE ORIENTE,CANACO SERVYTUR CD DE MEXICO,Hoteles con otros servicios integrados,Ciudad de México
369,HOTEL ENSENADA,CANACO SERVYTUR CD DE MEXICO,Hoteles con otros servicios integrados,Ciudad de México
370,HOTELS AND CONVENTIONS GROUP,CANACO SERVYTUR CD DE MEXICO,Hoteles con otros servicios integrados,Ciudad de México
371,HOTEL VERONA,CANACO SERVYTUR CD DE MEXICO,Hoteles con otros servicios integrados,Ciudad de México
372,HOTELERA NORTEÑA,CANACO SERVYTUR CD DE MEXICO,Hoteles con otros servicios integrados,Ciudad de México
373,HOTEL GILBET,CANACO SERVYTUR CD DE MEXICO,Hoteles con otros servicios integrados,Ciudad de México
374,HOTELERA CENTRO HISTORICO,CANACO SERVYTUR CD DE MEXICO,Hoteles con otros servicios integrados,Ciudad de México
375,HOTEL VIENA,CANACO SERVYTUR CD DE MEXICO,Hoteles con otros servicios integrados,Ciudad de México
376,HOTEL TIO SAM,CANACO SERVYTUR CD DE MEXICO,Hoteles con otros servicios integrados,Ciudad de México
377,"GATEIRAS, S.A. DE C.V.",CANACOPE SERVYTUR CD DE MEXICO,Hoteles con otros servicios integrados,Ciudad de México
378,HOTEL EL GRECO,CANACO SERVYTUR CD DE MEXICO,Hoteles con otros servicios integrados,Ciudad de México
379,HOTEL PARK VILLA,CANACO SERVYTUR CD DE MEXICO,Hoteles con otros servicios integrados,Ciudad de México
380,INMOBILIARIA NOVA,CANACO SERVYTUR CD DE MEXICO,Hoteles con otros servicios integrados,Ciudad de México
381,HOTEL CORONA,CANACO SERVYTUR CD DE MEXICO,Hoteles con otros servicios integrados,Ciudad de México
382,HOTELERA ARANJUEZ SA DE CV,CANACOPE SERVYTUR CD DE MEXICO,Hoteles con otros servicios integrados,Ciudad de México
383,VILLAS COLONIA,CANACO SERVYTUR CD DE MEXICO,Hoteles con otros servicios integrados,Ciudad de México
384,HOTEL ASENJO,CANACO SERVYTUR CD DE MEXICO,Hoteles con otros servicios integrados,Ciudad de México
385,OPERADORA HOTELERA ROYAL,CANACO SERVYTUR CD DE MEXICO,Hoteles con otros servicios integrados,Ciudad de México
386,HOSPEDAJE LA COMERCIAL,CANACO SERVYTUR CD DE MEXICO,Hoteles con otros servicios integrados,Ciudad de México
387,HOTEL ATENAS PLAZA,CANACO SERVYTUR CD DE MEXICO,Hoteles con otros servicios integrados,Ciudad de México
388,COMPETENCIA EDUCATIONAL EQUIPAMENT,CANACO SERVYTUR CD DE MEXICO,Hoteles con otros servicios integrados,Ciudad de México
389,OPERADORA BOULEVARD PLAZA,CANACO SERVYTUR CD DE MEXICO,Hoteles con otros servicios integrados,Ciudad de México
390,HOTELES MISISON,CANACO SERVYTUR CD DE MEXICO,Hoteles con otros servicios integrados,Ciudad de México
391,HOTEL FIESTA AMERICANA,CANACO SERVYTUR CD DE MEXICO,Hoteles con otros servicios integrados,Ciudad de México
392,HOTEL COYOACAN,CANACO SERVYTUR CD DE MEXICO,Hoteles con otros servicios integrados,Ciudad de México
393,HOTEL VILLAS & SUITE,CANACO SERVYTUR CD DE MEXICO,Hoteles con otros servicios integrados,Ciudad de México
394,FOREA,CANACO SERVYTUR CD DE MEXICO,Hoteles con otros servicios integrados,Ciudad de México
395,"OPERADORA HOTEL HSFS, S.A. DE C.V.",CANACOPE SERVYTUR CD DE MEXICO,Hoteles con otros servicios integrados,Ciudad de México
396,OPERADORA TURISTICA GALAS SA DE CV,CANACOPE SERVYTUR CD DE MEXICO,Hoteles con otros servicios integrados,Ciudad de México
397,ARRENDADORA DE INMUEBLES MIRAMAR,CANACO SERVYTUR CD DE MEXICO,Hoteles con otros servicios integrados,Ciudad de México
398,HOTEL MAZOY,CANACO SERVYTUR CD DE MEXICO,Hoteles con otros servicios integrados,Ciudad de México
399,INMUEBLES TIBER,CANACO SERVYTUR CD DE MEXICO,Hoteles con otros servicios integrados,Ciudad de México
400,HOTEL BARCELONA,CANACO SERVYTUR GUSTAVO A MADERO,Hoteles con otros servicios integrados,Ciudad de México
401,HOTEL MARRIOT,CANACO SERVYTUR CD DE MEXICO,Hoteles con otros servicios integrados,Ciudad de México
402,HOSPEDAJES LA COMERCIAL,CANACO SERVYTUR CD DE MEXICO,Hoteles con otros servicios integrados,Ciudad de México
403,JA AMIGO,CANACO SERVYTUR CD DE MEXICO,Hoteles con otros servicios integrados,Ciudad de México
404,INMOBILIARIA BUFALO BLANCO,CANACO SERVYTUR CD DE MEXICO,Hoteles con otros servicios integrados,Ciudad de México
405,HOSPEDAJES LA COMERCIAL,CANACO SERVYTUR CD DE MEXICO,Hoteles con otros servicios integrados,Ciudad de México
406,HOTEL DANY,CANACO SERVYTUR CD DE MEXICO,Hoteles con otros servicios integrados,Ciudad de México
407,SNTMMSRM,CANACO SERVYTUR CD DE MEXICO,Hoteles con otros servicios integrados,Ciudad de México
408,OPERADORA CRECEIRO,CANACO SERVYTUR CD DE MEXICO,Hoteles con otros servicios integrados,Ciudad de México
409,HOTELERA PATRIOTISMO,CANACO SERVYTUR CD DE MEXICO,Hoteles con otros servicios integrados,Ciudad de México
410,HOTEL TIO SAM,CANACO SERVYTUR CD DE MEXICO,Hoteles con otros servicios integrados,Ciudad de México
411,HOTEL METROPOL,CANACO SERVYTUR CD DE MEXICO,Hoteles con otros servicios integrados,Ciudad de México
412,AZORES HOTEL,CANACO SERVYTUR CD DE MEXICO,Hoteles con otros servicios integrados,Ciudad de México
413,CATACA,CANACO SERVYTUR CD DE MEXICO,Hoteles con otros servicios integrados,Ciudad de México
414,PEÑON S DE RL DE CV,CANACOPE SERVYTUR CD DE MEXICO,Hoteles con otros servicios integrados,Ciudad de México
415,HOTEL FIESTA INN PLAZA CENTRAL,CANACO SERVYTUR CD DE MEXICO,Hoteles con otros servicios integrados,Ciudad de México
416,HOTEÑ¡L MX REFORMA,CANACO SERVYTUR CD DE MEXICO,Hoteles con otros servicios integrados,Ciudad de México
417,HOTEL PALACE,CANACO SERVYTUR CD DE MEXICO,Hoteles con otros servicios integrados,Ciudad de México
418,GENEVE HOTEL,CANACO SERVYTUR CD DE MEXICO,Hoteles con otros servicios integrados,Ciudad de México
419,HOTEL RAMADA,CANACO SERVYTUR CD DE MEXICO,Hoteles con otros servicios integrados,Ciudad de México
420,PENSILVANIA SUITES,CANACO SERVYTUR CD DE MEXICO,Hoteles con otros servicios integrados,Ciudad de México
421,INMOBILIARIA BACU,CANACO SERVYTUR CD DE MEXICO,Hoteles con otros servicios integrados,Ciudad de México
422,GRAN HOTEL AMAZONAS,CANACO SERVYTUR CD DE MEXICO,Hoteles con otros servicios integrados,Ciudad de México
423,"MILLORA, S.A. DE C.V.",CANACOPE SERVYTUR CD DE MEXICO,Hoteles con otros servicios integrados,Ciudad de México
424,MARRIOTT HOTEL,CANACO SERVYTUR CD DE MEXICO,Hoteles con otros servicios integrados,Ciudad de México
425,ROSTEL,CANACO SERVYTUR CD DE MEXICO,Hoteles con otros servicios integrados,Ciudad de México
426,HOTEL HUTULCO ZARAGOZA,CANACO SERVYTUR CD DE MEXICO,Hoteles con otros servicios integrados,Ciudad de México
427,OPERADORA TURISTICA ORIGEN SA DE CV,CANACOPE SERVYTUR CD DE MEXICO,Hoteles con otros servicios integrados,Ciudad de México
428,HOTEL CAMPECHE,CANACO SERVYTUR CD DE MEXICO,Hoteles con otros servicios integrados,Ciudad de México
429,HOTELES CAMINO REAL,CANACO SERVYTUR CD DE MEXICO,Hoteles con otros servicios integrados,Ciudad de México
430,KESTER,CANACO SERVYTUR CD DE MEXICO,Hoteles con otros servicios integrados,Ciudad de México
431,GRUPO POSADA,CANACO SERVYTUR CD DE MEXICO,Hoteles con otros servicios integrados,Ciudad de México
432,DIRECCION CORPORATIVA POSADAS,CANACO SERVYTUR CD DE MEXICO,Hoteles con otros servicios integrados,Ciudad de México
433,HOTEL PARAISO DEL SUR,CANACO SERVYTUR CD DE MEXICO,Hoteles con otros servicios integrados,Ciudad de México
434,"OPERADORA BRVESAL, S.A. DE C.V.",CANACOPE SERVYTUR CD DE MEXICO,Hoteles con otros servicios integrados,Ciudad de México
435,CASA MX ALAMEDA,CANACO SERVYTUR CD DE MEXICO,Hoteles con otros servicios integrados,Ciudad de México
436,OPERADORA FILADELFIA S.A. DE C.V.,CANACOPE SERVYTUR CD DE MEXICO,Hoteles con otros servicios integrados,Ciudad de México
437,MARRUECOS,CANACO SERVYTUR CD DE MEXICO,Hoteles con otros servicios integrados,Ciudad de México
438,PROYECTO 1818,CANACO SERVYTUR CD DE MEXICO,Hoteles con otros servicios integrados,Ciudad de México
439,OPERADORA DE SERVICIOS PARA HOTELES DE LUJO SA DE CV,CANACOPE SERVYTUR CD DE MEXICO,Hoteles con otros servicios integrados,Ciudad de México
440,,CANACO SERVYTUR CD DE MEXICO,Hoteles con otros servicios integrados,Ciudad de México
441,HOTEL GUADALAJARA,CANACO SERVYTUR CD DE MEXICO,Hoteles con otros servicios integrados,Ciudad de México
442,PROMOCIONES TURISTICAS ABASTO SA DE CV,CANACOPE SERVYTUR CD DE MEXICO,Hoteles con otros servicios integrados,Ciudad de México
443,HOTEL OLIMPO,CANACO SERVYTUR GUSTAVO A MADERO,Hoteles con otros servicios integrados,Ciudad de México
444,HOTEL MEXICO,CANACO SERVYTUR CD DE MEXICO,Hoteles con otros servicios integrados,Ciudad de México
445,SERVICIOS AVENIDA,CANACO SERVYTUR CD DE MEXICO,Hoteles con otros servicios integrados,Ciudad de México
446,HOTELERA PATRIOTISMO,CANACO SERVYTUR CD DE MEXICO,Hoteles con otros servicios integrados,Ciudad de México
447,ADMINISTRACION DE HOTELES GRT SA DE CV,CANACO SERVYTUR ALVARO OBREGON,Hoteles con otros servicios integrados,Ciudad de México
448,HOTELL PLATINO,CANACO SERVYTUR CD DE MEXICO,Hoteles con otros servicios integrados,Ciudad de México
449,HOTEL MAGNOLIAS,CANACO SERVYTUR CD DE MEXICO,Hoteles con otros servicios integrados,Ciudad de México
450,SANTA FEDERICA,CANACO SERVYTUR CD DE MEXICO,Hoteles con otros servicios integrados,Ciudad de México
451,HOTEL WASHINGTON,CANACO SERVYTUR CD DE MEXICO,Hoteles con otros servicios integrados,Ciudad de México
452,HOTEL EJE,CANACO SERVYTUR CD DE MEXICO,Hoteles con otros servicios integrados,Ciudad de México
453,"ADMINISTRADORA DE HOTELES LA LIBERTAD, S.A. DE C.V.",CANACOPE SERVYTUR CD DE MEXICO,Hoteles con otros servicios integrados,Ciudad de México
454,PROMOCIONES RIO PLATA,CANACO SERVYTUR CD DE MEXICO,Hoteles con otros servicios integrados,Ciudad de México
455,HOTEL PUENTE,CANACOPE SERVYTUR CD DE MEXICO,Hoteles con otros servicios integrados,Ciudad de México
456,GEVIC SA DE CV,CANACOPE SERVYTUR CD DE MEXICO,Hoteles con otros servicios integrados,Ciudad de México
457,HOTEL MONACO,CANACO SERVYTUR CD DE MEXICO,Hoteles con otros servicios integrados,Ciudad de México
458,HOTEL MARRIOTT,CANACO SERVYTUR CD DE MEXICO,Hoteles con otros servicios integrados,Ciudad de México
459,HOTELERA SAN JERONIMO SA DE CV,CANACO SERVYTUR CD DE MEXICO,Hoteles con otros servicios integrados,Ciudad de México
460,HOTEL YALE,CANACO SERVYTUR CD DE MEXICO,Hoteles con otros servicios integrados,Ciudad de México
461,OPERADORA BRUESAL SA DE CV,CANACOPE SERVYTUR CD DE MEXICO,Hoteles con otros servicios integrados,Ciudad de México
462,HOTEL MX REFORMA,CANACO SERVYTUR CD DE MEXICO,Hoteles con otros servicios integrados,Ciudad de México
463,OPERADORA ALRO,CANACO SERVYTUR CD DE MEXICO,Hoteles con otros servicios integrados,Ciudad de México
464,OPERADORA HOTEL ANCONA,CANACO SERVYTUR CD DE MEXICO,Hoteles con otros servicios integrados,Ciudad de México
465,CASA DE HUESPEDES,CANACO SERVYTUR CD DE MEXICO,Hoteles con otros servicios integrados,Ciudad de México
466,OPERADORA NEMI,CANACO SERVYTUR CD DE MEXICO,Hoteles con otros servicios integrados,Ciudad de México
467,HOTEL ARAGON PLAZA,CANACO SERVYTUR GUSTAVO A MADERO,Hoteles con otros servicios integrados,Ciudad de México
468,PLAZA CAMARONES,CANACO SERVYTUR CD DE MEXICO,Hoteles con otros servicios integrados,Ciudad de México
469,HOTEL SANTA FE,CANACO SERVYTUR CD DE MEXICO,Hoteles con otros servicios integrados,Ciudad de México
470,INMOBILIARIA PEÑASAGRA,CANACO SERVYTUR CD DE MEXICO,Hoteles con otros servicios integrados,Ciudad de México
471,HOTEL MAGNOLIA,CANACO SERVYTUR CD DE MEXICO,Hoteles con otros servicios integrados,Ciudad de México
472,HOTEL LEREVE,CANACOPE SERVYTUR CD DE MEXICO,Hoteles con otros servicios integrados,Ciudad de México
473,HOTEL CALETA,CANACO SERVYTUR CD DE MEXICO,Hoteles con otros servicios integrados,Ciudad de México
474,HOSPEDAJES LA COMERCIAL,CANACO SERVYTUR CD DE MEXICO,Hoteles con otros servicios integrados,Ciudad de México
475,FIESTA INN,CANACO SERVYTUR CD DE MEXICO,Hoteles con otros servicios integrados,Ciudad de México
476,HOTEL EMPIRE,CANACO SERVYTUR CD DE MEXICO,Hoteles con otros servicios integrados,Ciudad de México
477,HOTEL H5533,CANACO SERVYTUR CD DE MEXICO,Hoteles con otros servicios integrados,Ciudad de México
478,HOTELERA ALFA,CANACO SERVYTUR CD DE MEXICO,Hoteles con otros servicios integrados,Ciudad de México
479,"CATACA, S.A. DE C.V.",CANACOPE SERVYTUR CD DE MEXICO,Hoteles con otros servicios integrados,Ciudad de México
480,HOTEL MARRIOTT,CANACO SERVYTUR CD DE MEXICO,Hoteles con otros servicios integrados,Ciudad de México
481,SIESTA DEL SUR,CANACO SERVYTUR CD DE MEXICO,Hoteles con otros servicios integrados,Ciudad de México
482,HOTEL BERNAL DIAZ,CANACO SERVYTUR CD DE MEXICO,Hoteles con otros servicios integrados,Ciudad de México
483,NH HOTELES,CANACO SERVYTUR CD DE MEXICO,Hoteles con otros servicios integrados,Ciudad de México
484,HOTEL LAS VEGAS,CANACO SERVYTUR CD DE MEXICO,Hoteles con otros servicios integrados,Ciudad de México
485,HOTELERA MARLOWE,CANACO SERVYTUR CD DE MEXICO,Hoteles con otros servicios integrados,Ciudad de México
486,SOLMAR,CANACO SERVYTUR CD DE MEXICO,Hoteles con otros servicios integrados,Ciudad de México
487,GRUPO INMOB Y ALMACENAJE,CANACO SERVYTUR CD DE MEXICO,Hoteles con otros servicios integrados,Ciudad de México
488,HOTEL SIN NOMBRE,CANACOPE SERVYTUR CD DE MEXICO,Hoteles con otros servicios integrados,Ciudad de México
489,HOSPEDAJES LA COMERCIAL,CANACO SERVYTUR CD DE MEXICO,Hoteles con otros servicios integrados,Ciudad de México
490,HOTEL HERMITA,CANACO SERVYTUR CD DE MEXICO,Hoteles con otros servicios integrados,Ciudad de México
491,HOTEL SIN NOMBRE,CANACOPE SERVYTUR CD DE MEXICO,Hoteles con otros servicios integrados,Ciudad de México
492,KEDMA SANTA FE SPA,CANACO SERVYTUR CD DE MEXICO,Hoteles con otros servicios integrados,Ciudad de México
493,PROMOCONTRERAS,CANACO SERVYTUR CD DE MEXICO,Hoteles con otros servicios integrados,Ciudad de México
494,LOS ARCOS,CANACO SERVYTUR CD DE MEXICO,Hoteles con otros servicios integrados,Ciudad de México
495,OPERADORA TORREMOLINOS,CANACO SERVYTUR CD DE MEXICO,Hoteles con otros servicios integrados,Ciudad de México
496,HOTEL URUPIN,CANACO SERVYTUR CD DE MEXICO,Hoteles con otros servicios integrados,Ciudad de México
497,PROMOTORA DE HOTELES IMPERIAL,CANACO SERVYTUR CD DE MEXICO,Hoteles con otros servicios integrados,Ciudad de México
498,GRUPO POSADAS,CANACO SERVYTUR CD DE MEXICO,Hoteles con otros servicios integrados,Ciudad de México
499,HOTEL MODELO,CANACO SERVYTUR GUSTAVO A MADERO,Hoteles con otros servicios integrados,Ciudad de México
500,HOTEL ATENAS PLAZA,CANACO SERVYTUR CD DE MEXICO,Hoteles con otros servicios integrados,Ciudad de México
501,PIEDRAS,CANACO SERVYTUR CD DE MEXICO,Hoteles con otros servicios integrados,Ciudad de México
502,HOTEL SIN NOMBRE,CANACOPE SERVYTUR CD DE MEXICO,Hoteles con otros servicios integrados,Ciudad de México
503,FIESTA INN,CANACO SERVYTUR CD DE MEXICO,Hoteles con otros servicios integrados,Ciudad de México
504,HOTEL FLAMINGOS PLAZA,CANACO SERVYTUR CD DE MEXICO,Hoteles con otros servicios integrados,Ciudad de México
505,IRIA FLAVIA,CANACO SERVYTUR CD DE MEXICO,Hoteles con otros servicios integrados,Ciudad de México
506,HOTEL EL COLOSO,CANACO SERVYTUR CD DE MEXICO,Hoteles con otros servicios integrados,Ciudad de México
507,RESKEN,CANACO SERVYTUR CD DE MEXICO,Hoteles con otros servicios integrados,Ciudad de México
508,HOSPEDAJES LA COMERCIAL,CANACO SERVYTUR CD DE MEXICO,Hoteles con otros servicios integrados,Ciudad de México
509,HOTEL CORTINA,CANACO SERVYTUR CD DE MEXICO,Hoteles con otros servicios integrados,Ciudad de México
510,HOTEL OXFORD,CANACO SERVYTUR CD DE MEXICO,Hoteles con otros servicios integrados,Ciudad de México
511,HOTEL ATLANPA,CANACO SERVYTUR CD DE MEXICO,Hoteles con otros servicios integrados,Ciudad de México
512,HOTEL CITY CENTRO CIUDAD DE MEXICO,CANACOPE SERVYTUR CD DE MEXICO,Hoteles con otros servicios integrados,Ciudad de México
513,NH HOTELES,CANACO SERVYTUR CD DE MEXICO,Hoteles con otros servicios integrados,Ciudad de México
514,RODOLFO GRANADA,CANACO SERVYTUR CD DE MEXICO,Hoteles con otros servicios integrados,Ciudad de México
515,SERVICIOS HOTELEROS METROPOLITANOS SA DE CV,CANACOPE SERVYTUR CD DE MEXICO,Hoteles con otros servicios integrados,Ciudad de México
516,HOTEL ROSALES,CANACO SERVYTUR CD DE MEXICO,Hoteles con otros servicios integrados,Ciudad de México
517,HOTEL EL CID,CANACO SERVYTUR GUSTAVO A MADERO,Hoteles con otros servicios integrados,Ciudad de México
518,HOTEL SIN NOMBRE,CANACO SERVYTUR CD DE MEXICO,Hoteles con otros servicios integrados,Ciudad de México
519,HOTEL MARRIOT,CANACO SERVYTUR CD DE MEXICO,Hoteles con otros servicios integrados,Ciudad de México
520,"AUTOHOTEL LEGARIA, S.A. DE C.V.",CANACOPE SERVYTUR CD DE MEXICO,Hoteles con otros servicios integrados,Ciudad de México
521,HOTEL DEL ÁNGEL,CANACOPE SERVYTUR CD DE MEXICO,Hoteles con otros servicios integrados,Ciudad de México
522,INMOBILIARIA PRECIADOS SA,CANACO SERVYTUR CD DE MEXICO,Hoteles con otros servicios integrados,Ciudad de México
523,HOTEL ROSENDO CASAL,CANACOPE SERVYTUR CD DE MEXICO,Hoteles con otros servicios integrados,Ciudad de México
524,HOTEL MARBELLA,CANACO SERVYTUR CD DE MEXICO,Hoteles con otros servicios integrados,Ciudad de México
525,VIBAÑO,CANACO SERVYTUR CD DE MEXICO,Hoteles con otros servicios integrados,Ciudad de México
526,INMOBILIARIA TEIDE,CANACO SERVYTUR CD DE MEXICO,Hoteles con otros servicios integrados,Ciudad de México
527,HOTEL TRIANA,CANACO SERVYTUR CD DE MEXICO,Hoteles con otros servicios integrados,Ciudad de México
528,CHOUSA,CANACO SERVYTUR CD DE MEXICO,Hoteles con otros servicios integrados,Ciudad de México
529,MARRIOT,CANACO SERVYTUR CD DE MEXICO,Hoteles con otros servicios integrados,Ciudad de México
530,INMOBILIARIA HOTELERA ORENSE,CANACO SERVYTUR CD DE MEXICO,Hoteles con otros servicios integrados,Ciudad de México
531,HOTEL AJUSCO,CANACO SERVYTUR CD DE MEXICO,Hoteles con otros servicios integrados,Ciudad de México
532,HOTEL MORELIA,CANACO SERVYTUR CD DE MEXICO,Hoteles con otros servicios integrados,Ciudad de México
533,"LOMBA, S.A.",CANACOPE SERVYTUR CD DE MEXICO,Hoteles con otros servicios integrados,Ciudad de México
534,HOTEL EL CHOPO,CANACO SERVYTUR CD DE MEXICO,Hoteles con otros servicios integrados,Ciudad de México
535,ARRENDADORA DE INMUEBLES SUIZA,CANACO SERVYTUR CD DE MEXICO,Hoteles con otros servicios integrados,Ciudad de México
536,HOTEL GILBERT SA,CANACOPE SERVYTUR CD DE MEXICO,Hoteles con otros servicios integrados,Ciudad de México
537,PROMOTORA CAMPELO,CANACO SERVYTUR CD DE MEXICO,Hoteles con otros servicios integrados,Ciudad de México
538,HOTEL DEL PRINCIPADO,CANACO SERVYTUR CD DE MEXICO,Hoteles con otros servicios integrados,Ciudad de México
539,HOTELES Y CENTROS ESPECIALIZADOS,CANACO SERVYTUR CD DE MEXICO,Hoteles con otros servicios integrados,Ciudad de México
540,HOTEL SIN NOMBRE,CANACO SERVYTUR CD DE MEXICO,Hoteles con otros servicios integrados,Ciudad de México
541,INMOBILIARIA PRAMAROCAS,CANACO SERVYTUR CD DE MEXICO,Hoteles con otros servicios integrados,Ciudad de México
542,HOTEL MARTI,CANACO SERVYTUR CD DE MEXICO,Hoteles con otros servicios integrados,Ciudad de México
543,HOTEL GIN,CANACO SERVYTUR CD DE MEXICO,Hoteles con otros servicios integrados,Ciudad de México
544,HITLON,CANACO SERVYTUR CD DE MEXICO,Hoteles con otros servicios integrados,Ciudad de México
545,DIRECCION CORPORATIVA POSADAS,CANACO SERVYTUR CD DE MEXICO,Hoteles con otros servicios integrados,Ciudad de México
546,CASA DE HUESPEDES SIN NOMBRE,CANACO SERVYTUR CD DE MEXICO,Hoteles con otros servicios integrados,Ciudad de México
547,OPERADORA DE HOTELES PEREIRO,CANACO SERVYTUR CD DE MEXICO,Hoteles con otros servicios integrados,Ciudad de México
548,LAC TRAVEL,CANACO SERVYTUR CD DE MEXICO,Hoteles con otros servicios integrados,Ciudad de México
549,CORPORATIVO DE INCENTIVOS CONVENCIONES Y SEMINARIOS,CANACO SERVYTUR CD DE MEXICO,Hoteles con otros servicios integrados,Ciudad de México
550,HOTELES Y RESTAURANTES UNIDOS,CANACO SERVYTUR CD DE MEXICO,Hoteles con otros servicios integrados,Ciudad de México
551,HOTEL CANADA,CANACO SERVYTUR CD DE MEXICO,Hoteles con otros servicios integrados,Ciudad de México
552,HOTELES CORAL,CANACO SERVYTUR CD DE MEXICO,Hoteles con otros servicios integrados,Ciudad de México
553,OPERADORA HOTELERA LA RAZA,CANACO SERVYTUR CD DE MEXICO,Hoteles con otros servicios integrados,Ciudad de México
554,HOTEL CONGRESO,CANACO SERVYTUR CD DE MEXICO,Hoteles con otros servicios integrados,Ciudad de México
555,HOTEL RUVAL,CANACO SERVYTUR CD DE MEXICO,Hoteles con otros servicios integrados,Ciudad de México
556,INMOBILIARIA MOSE SA DE CV,CANACOPE SERVYTUR CD DE MEXICO,Hoteles con otros servicios integrados,Ciudad de México
557,HOTELERA CENTRO HISTORICO,CANACO SERVYTUR CD DE MEXICO,Hoteles con otros servicios integrados,Ciudad de México
558,HOTEL PAORAMA,CANACO SERVYTUR CD DE MEXICO,Hoteles con otros servicios integrados,Ciudad de México
559,OPREM 390,CANACO SERVYTUR CD DE MEXICO,Hoteles con otros servicios integrados,Ciudad de México
560,HOSTAL CIUDAD DE MEXICO,CANACO SERVYTUR CD DE MEXICO,Hoteles con otros servicios integrados,Ciudad de México
561,HOTEL LIRA,CANACO SERVYTUR CD DE MEXICO,Hoteles con otros servicios integrados,Ciudad de México
562,QBIT MEXICO S DE RL DE CV,CANACO SERVYTUR CD DE MEXICO,Hoteles con otros servicios integrados,Ciudad de México
563,OPERADORA HOTEL HSFH,CANACOPE SERVYTUR CD DE MEXICO,Hoteles con otros servicios integrados,Ciudad de México
564,HOTEL GIN,CANACO SERVYTUR CD DE MEXICO,Hoteles con otros servicios integrados,Ciudad de México
565,HOTEL DEL NORTE,CANACO SERVYTUR CD DE MEXICO,Hoteles con otros servicios integrados,Ciudad de México
566,PEÑAMAYOR,CANACO SERVYTUR CD DE MEXICO,Hoteles con otros servicios integrados,Ciudad de México
567,"CONSORCIO HOTELERO GEO, S.A. DE C.V.",CANACO SERVYTUR ALVARO OBREGON,Hoteles con otros servicios integrados,Ciudad de México
568,HOTEL BEVERLY,CANACO SERVYTUR CD DE MEXICO,Hoteles con otros servicios integrados,Ciudad de México
569,FLORIDA 57,CANACO SERVYTUR CD DE MEXICO,Hoteles con otros servicios integrados,Ciudad de México
570,INMOBILIARIA HOTELERA EL TAPATIO,CANACO SERVYTUR CD DE MEXICO,Hoteles con otros servicios integrados,Ciudad de México
571,COSTELA,CANACO SERVYTUR CD DE MEXICO,Hoteles con otros servicios integrados,Ciudad de México
572,HOTEL JW MARRIOTT,CANACO SERVYTUR CD DE MEXICO,Hoteles con otros servicios integrados,Ciudad de México
573,SUMINISTRO Y EQUIPOS PARA HOTELES,CANACO SERVYTUR CD DE MEXICO,Hoteles con otros servicios integrados,Ciudad de México
574,SERVICIOS DE HOTELERIA,CANACO SERVYTUR CD DE MEXICO,Hoteles con otros servicios integrados,Ciudad de México
575,ADMINISTRADORA HOTELERA DEL CENTRO,CANACO SERVYTUR CD DE MEXICO,Hoteles con otros servicios integrados,Ciudad de México
576,"INMOBILIARIA OROSO, S.A. DE C.V.",CANACOPE SERVYTUR CD DE MEXICO,Hoteles con otros servicios integrados,Ciudad de México
577,HOTEL DEL PRADO,CANACO SERVYTUR CD DE MEXICO,Hoteles con otros servicios integrados,Ciudad de México
578,HOTEL HABANA,CANACO SERVYTUR CD DE MEXICO,Hoteles con otros servicios integrados,Ciudad de México
579,HOTELES MEXICANOS,CANACO SERVYTUR CD DE MEXICO,Hoteles con otros servicios integrados,Ciudad de México
580,"PANA, S.A. DE C.V.",CANACOPE SERVYTUR CD DE MEXICO,Hoteles con otros servicios integrados,Ciudad de México
581,HOTEL SIN NOMBRE,CANACO SERVYTUR CD DE MEXICO,Hoteles con otros servicios integrados,Ciudad de México
582,OPERADORA HOTEL CENTRO HISTORICO,CANACO SERVYTUR CD DE MEXICO,Hoteles con otros servicios integrados,Ciudad de México
583,VIADU,CANACO SERVYTUR CD DE MEXICO,Hoteles con otros servicios integrados,Ciudad de México
584,OPERADORA ROOM MA TE MEXICO,CANACO SERVYTUR CD DE MEXICO,Hoteles con otros servicios integrados,Ciudad de México
585,INMOBILIARIA OROSOSA DE CV,CANACOPE SERVYTUR CD DE MEXICO,Hoteles con otros servicios integrados,Ciudad de México
586,PROMOTORA PORTO,CANACOPE SERVYTUR CD DE MEXICO,Hoteles con otros servicios integrados,Ciudad de México
587,HOTEL LA NUEVA MARINA,CANACOPE SERVYTUR CD DE MEXICO,Hoteles con otros servicios integrados,Ciudad de México
588,WSC KRYSTAL GRAND REFORMA F/01057,CANACO SERVYTUR CD DE MEXICO,Hoteles con otros servicios integrados,Ciudad de México
589,PETACAS,CANACO SERVYTUR CD DE MEXICO,Hoteles con otros servicios integrados,Ciudad de México
590,,CANACOPE SERVYTUR CD DE MEXICO,Hoteles con otros servicios integrados,Ciudad de México
591,HOTELERA PORTALES,CANACO SERVYTUR CD DE MEXICO,Hoteles con otros servicios integrados,Ciudad de México
592,HOTEL VERMONT,CANACO SERVYTUR CD DE MEXICO,Hoteles con otros servicios integrados,Ciudad de México
593,SOLMAR,CANACO SERVYTUR CD DE MEXICO,Hoteles con otros servicios integrados,Ciudad de México
594,HOTELS MARRIOTT,CANACO SERVYTUR CD DE MEXICO,Hoteles con otros servicios integrados,Ciudad de México
595,PROMOCIONES RIO PLATA,CANACO SERVYTUR CD DE MEXICO,Hoteles con otros servicios integrados,Ciudad de México
596,ANDURIÑA,CANACO SERVYTUR CD DE MEXICO,Hoteles con otros servicios integrados,Ciudad de México
597,HOTELES Y RESTAURANTES UNIDOS,CANACO SERVYTUR CD DE MEXICO,Hoteles con otros servicios integrados,Ciudad de México
598,HOTEL SIN NOMBRE,CANACO SERVYTUR CD DE MEXICO,Hoteles con otros servicios integrados,Ciudad de México
599,OPERADORA HOTELERIA IAB,CANACO SERVYTUR CD DE MEXICO,Hoteles con otros servicios integrados,Ciudad de México
600,GRUPO MERCANTIL TE PRESTAMOS,CANACO SERVYTUR CD DE MEXICO,Hoteles con otros servicios integrados,Ciudad de México
601,HOSPEDAJES ROMO,CANACO SERVYTUR CD DE MEXICO,Hoteles con otros servicios integrados,Ciudad de México
602,CITY EXPRESS PLUS,CANACO SERVYTUR CD DE MEXICO,Hoteles con otros servicios integrados,Ciudad de México
603,HOTEL LE MERIDIEN,CANACO SERVYTUR CD DE MEXICO,Hoteles con otros servicios integrados,Ciudad de México
604,MOTEL QUINTA MARGARITA SA DE CV,CANACOPE SERVYTUR CD DE MEXICO,Hoteles con otros servicios integrados,Ciudad de México
605,HOTEL Y VILLAS LAM SA DE CV,CANACO SERVYTUR GUSTAVO A MADERO,Hoteles con otros servicios integrados,Ciudad de México
606,INMOBILIARIA MARISCAL,CANACO SERVYTUR CD DE MEXICO,Hoteles con otros servicios integrados,Ciudad de México
607,SUITES EMBASSY,CANACO SERVYTUR CD DE MEXICO,Hoteles con otros servicios integrados,Ciudad de México
608,HOTEL BRASILIA Y RESTAURANTE COPACABANA,CANACO SERVYTUR GUSTAVO A MADERO,Hoteles con otros servicios integrados,Ciudad de México
609,OPERADORA VISTA ALEGRE,CANACO SERVYTUR CD DE MEXICO,Hoteles con otros servicios integrados,Ciudad de México
610,PEÑA MAYOR,CANACO SERVYTUR CD DE MEXICO,Hoteles con otros servicios integrados,Ciudad de México
611,HOTEL INN ZARAGOZA,CANACO SERVYTUR CD DE MEXICO,Hoteles con otros servicios integrados,Ciudad de México
612,SOCIEDAD OLIMPICA,CANACO SERVYTUR CD DE MEXICO,Hoteles con otros servicios integrados,Ciudad de México
613,HOTEL ATOYAC,CANACO SERVYTUR CD DE MEXICO,Hoteles con otros servicios integrados,Ciudad de México
614,PROMOTORA DE HOTELES MIXHIUCA,CANACO SERVYTUR CD DE MEXICO,Hoteles con otros servicios integrados,Ciudad de México
615,OPERADORA AZUL COPACABANA SA DE CV,CANACOPE SERVYTUR CD DE MEXICO,Hoteles con otros servicios integrados,Ciudad de México
616,HOTEL SAN BERNABE,CANACO SERVYTUR CD DE MEXICO,Hoteles con otros servicios integrados,Ciudad de México
617,HOTELERA TACUBA,CANACO SERVYTUR CD DE MEXICO,Hoteles con otros servicios integrados,Ciudad de México
618,HOTEL DE PRADO,CANACO SERVYTUR CD DE MEXICO,Hoteles con otros servicios integrados,Ciudad de México
619,HOTELERA SAN JERONIMO,CANACO SERVYTUR CD DE MEXICO,Hoteles con otros servicios integrados,Ciudad de México
620,INMOBILIARIA JEVI,CANACO SERVYTUR CD DE MEXICO,Hoteles con otros servicios integrados,Ciudad de México
621,HOSPEDAJES LA COMERCIAL,CANACO SERVYTUR CD DE MEXICO,Hoteles con otros servicios integrados,Ciudad de México
622,REFORMA CT,CANACO SERVYTUR CD DE MEXICO,Hoteles con otros servicios integrados,Ciudad de México
623,HOTEL SIN NOMBRE,CANACOPE SERVYTUR CD DE MEXICO,Hoteles con otros servicios integrados,Ciudad de México
624,"PROMOTORA MOLINA, S.A. DE C.V.",CANACOPE SERVYTUR CD DE MEXICO,Hoteles con otros servicios integrados,Ciudad de México
625,HOTELERA CAMPO REAL,CANACO SERVYTUR CD DE MEXICO,Hoteles con otros servicios integrados,Ciudad de México
626,OPERADORA HARARE,CANACO SERVYTUR CD DE MEXICO,Hoteles con otros servicios integrados,Ciudad de México
627,COMPAÑIA DISTRIBUIDORA HOTELERA DEMHE,CANACO SERVYTUR CD DE MEXICO,Hoteles con otros servicios integrados,Ciudad de México
628,SERVICIOS HOTELEROS METROPOLITANOS,CANACO SERVYTUR CD DE MEXICO,Hoteles con otros servicios integrados,Ciudad de México
629,HOTEL FOUR POINTS,CANACO SERVYTUR CD DE MEXICO,Hoteles con otros servicios integrados,Ciudad de México
630,OPERADORA DE INMUEBLES STARA,CANACO SERVYTUR CD DE MEXICO,Hoteles con otros servicios integrados,Ciudad de México
631,HOTEL JALISCO SA DE CV,CANACOPE SERVYTUR CD DE MEXICO,Hoteles con otros servicios integrados,Ciudad de México
632,HOTEL PARAISO,CANACO SERVYTUR CD DE MEXICO,Hoteles con otros servicios integrados,Ciudad de México
633,MARALPE,CANACO SERVYTUR CD DE MEXICO,Hoteles con otros servicios integrados,Ciudad de México
634,HOSPEDAJE THE HOUSE,CANACO SERVYTUR CD DE MEXICO,Hoteles con otros servicios integrados,Ciudad de México
635,HOTELES DE TURISMO,CANACO SERVYTUR CD DE MEXICO,Hoteles con otros servicios integrados,Ciudad de México
636,HOTEL NAYARIT,CANACO SERVYTUR CD DE MEXICO,Hoteles con otros servicios integrados,Ciudad de México
637,"PONTE, S.A. DE C.V.",CANACOPE SERVYTUR CD DE MEXICO,Hoteles con otros servicios integrados,Ciudad de México
638,HOTEL PRESIDENTE,CANACO SERVYTUR CD DE MEXICO,Hoteles con otros servicios integrados,Ciudad de México
639,OPERADORA DE INMUEBLES STARA,CANACO SERVYTUR CD DE MEXICO,Hoteles con otros servicios integrados,Ciudad de México
640,OPERADOR NACIONAL HISPANA,CANACO SERVYTUR CD DE MEXICO,Hoteles con otros servicios integrados,Ciudad de México
641,EUROSUITES SA DE CV,CANACOPE SERVYTUR CD DE MEXICO,Hoteles con otros servicios integrados,Ciudad de México
642,OPERADORA DE INMUEBLES STARA,CANACO SERVYTUR CD DE MEXICO,Hoteles con otros servicios integrados,Ciudad de México
643,HOTEL DEL PRADO,CANACO SERVYTUR CD DE MEXICO,Hoteles con otros servicios integrados,Ciudad de México
644,"RIO LERMA 162, S.A. DE C.V.",CANACOPE SERVYTUR CD DE MEXICO,Hoteles con otros servicios integrados,Ciudad de México
645,"OPERADORA HOTELERA BRISAS, S.A. DE C.V.",CANACOPE SERVYTUR CD DE MEXICO,Hoteles con otros servicios integrados,Ciudad de México
646,HOTEL PEGASO,CANACO SERVYTUR CD DE MEXICO,Hoteles con otros servicios integrados,Ciudad de México
647,HOTEL CANADA,CANACO SERVYTUR CD DE MEXICO,Hoteles con otros servicios integrados,Ciudad de México
648,HOTEL ROJA,CANACO SERVYTUR CD DE MEXICO,Hoteles con otros servicios integrados,Ciudad de México
